20,60,True,34,3.0,0.007127523422241211
25,75,True,23,3.0,0.0072917938232421875
30,90,True,51,3.0,0.009312629699707031
35,105,True,118,3.0,0.012997627258300781
40,120,True,40,3.0,0.005992412567138672
45,135,True,341,3.0,0.14498114585876465
50,150,True,48,3.0,0.010998010635375977
55,165,True,51,3.0,0.017884016036987305
60,180,True,69,3.0,0.002386331558227539
65,195,True,60,3.0,0.024181842803955078
70,210,True,138,3.0,0.06639671325683594
75,225,True,218,3.0,0.06493878364562988
80,240,True,74,3.0,0.024538278579711914
85,255,True,673,3.0,0.29737305641174316
90,270,True,88,3.0,0.0374150276184082
95,285,True,241,3.0,0.1241617202758789
100,300,True,2497,3.0,1.4901964664459229
105,315,True,97,3.0,0.09701061248779297
110,330,True,1236,3.0,0.568878173828125
115,345,True,6339,3.0,3.305807113647461
120,360,True,4289,3.0,2.2183990478515625
125,375,True,117,3.0,0.0940864086151123
130,390,True,146,3.0,0.1096806526184082
135,405,True,10717,3.0,6.966783046722412
140,420,True,177,3.0,0.15587711334228516
145,435,True,11562,3.0,10.077486276626587
150,450,True,16894,3.0,11.689527750015259
155,465,True,787,3.0,0.5668535232543945
160,480,True,1362,3.0,1.1427688598632812
165,495,True,151,3.0,0.15561652183532715
170,510,True,139490,3.0,134.55453205108643
20,64,True,33,3.2,0.0
25,80,True,66,3.2,0.015627145767211914
30,96,True,309,3.2,0.04866600036621094
35,112,True,54,3.2,0.012325286865234375
40,128,True,36,3.2,0.0
45,144,True,39,3.2,0.04190492630004883
50,160,True,122,3.2,0.03886103630065918
55,176,True,238,3.2,0.06188774108886719
60,192,True,54,3.2,0.019350767135620117
65,208,True,1048,3.2,0.43544769287109375
70,224,True,366,3.2,0.13171815872192383
75,240,True,65,3.2,0.02669525146484375
80,256,True,160,3.2,0.04283022880554199
85,272,True,3254,3.2,1.4034497737884521
90,288,True,655,3.2,0.2648346424102783
95,304,True,209,3.2,0.10758376121520996
100,320,True,238,3.2,0.14600610733032227
105,336,True,102,3.2,0.05087637901306152
110,352,True,6281,3.2,4.2433717250823975
115,368,True,2252,3.2,1.4603309631347656
120,384,True,1997,3.2,1.619394302368164
125,400,True,6544,3.2,3.290954113006592
130,416,True,5428,3.2,3.668473482131958
135,432,True,949,3.2,0.6016743183135986
140,448,True,4806,3.2,2.6696672439575195
145,464,True,405,3.2,0.44092750549316406
150,480,True,22379,3.2,18.933166027069092
155,496,True,250,3.2,0.20126891136169434
160,512,True,151,3.2,0.1486823558807373
165,528,True,2230,3.2,1.869755506515503
170,544,True,357269,3.2,344.11621594429016
20,68,True,29,3.4,0.015670061111450195
25,85,True,28,3.4,0.009089231491088867
30,102,True,239,3.4,0.11000561714172363
35,119,True,58,3.4,0.03118896484375
40,136,True,326,3.4,0.2355949878692627
45,153,True,118,3.4,0.0796515941619873
50,170,True,73,3.4,0.12547659873962402
55,187,True,283,3.4,0.2212061882019043
60,204,True,62,3.4,0.0472712516784668
65,221,True,110,3.4,0.09436798095703125
70,238,True,356,3.4,0.5038285255432129
75,255,True,139,3.4,0.23539233207702637
80,272,True,12943,3.4,11.23383903503418
85,289,True,9035,3.4,7.23095965385437
90,306,True,86,3.4,0.04743385314941406
95,323,True,435,3.4,0.3926384449005127
100,340,True,1610,3.4,1.1941924095153809
105,357,True,1304,3.4,0.9585738182067871
110,374,True,58261,3.4,98.760018825531
20,72,True,52,3.6,0.017798185348510742
25,90,True,25,3.6,0.0123443603515625
30,108,True,27,3.6,0.01684403419494629
35,126,True,66,3.6,0.043303489685058594
40,144,True,49,3.6,0.032715797424316406
45,162,True,41,3.6,0.04243969917297363
50,180,True,73,3.6,0.05728960037231445
55,198,True,867,3.6,1.0837287902832031
60,216,True,65,3.6,0.07274031639099121
65,234,True,6591,3.6,13.352025032043457
70,252,True,2434,3.6,10.644778490066528
75,270,True,103,3.6,0.2873973846435547
80,288,True,1894,3.6,6.3417274951934814
85,306,True,1692,3.6,4.224998474121094
90,324,True,143,3.6,0.2903470993041992
95,342,True,263,3.6,0.7897582054138184
100,360,True,5116,3.6,12.776221752166748
105,378,True,55791,3.6,156.11832642555237
20,76,True,66,3.8,0.02193617820739746
25,95,True,24,3.8,0.007558584213256836
30,114,True,318,3.8,0.28014516830444336
35,133,True,215,3.8,0.13912129402160645
40,152,True,710,3.8,0.641139030456543
45,171,True,44,3.8,0.03561711311340332
50,190,True,377,3.8,0.4168524742126465
55,209,False,4743,3.8,6.074744462966919
60,228,True,14108,3.8,19.30770707130432
65,247,True,179,3.8,0.30310654640197754
70,266,False,43616,3.8,76.43252420425415
20,80,True,22,4.0,0.008357524871826172
25,100,True,110,4.0,0.07598423957824707
30,120,True,29,4.0,0.017722129821777344
35,140,True,33,4.0,0.027765512466430664
40,160,True,486,4.0,0.44229650497436523
45,180,False,1301,4.0,1.7871766090393066
50,200,True,1372,4.0,1.800053596496582
55,220,False,3198,4.0,5.015998363494873
60,240,True,15678,4.0,33.688684701919556
65,260,False,6104,4.0,17.63478136062622
70,280,True,798,4.0,1.6203522682189941
75,300,True,49679,4.0,186.19916558265686
20,84,True,67,4.2,0.06459164619445801
25,105,False,145,4.2,0.1813642978668213
30,126,True,186,4.2,0.2625916004180908
35,147,False,343,4.2,0.6044220924377441
40,168,True,308,4.2,0.6908931732177734
45,189,False,1589,4.2,4.305766344070435
50,210,False,3915,4.2,10.64488673210144
55,231,True,1380,4.2,3.8873589038848877
60,252,True,1742,4.2,3.831665515899658
65,273,False,7461,4.2,28.846209287643433
70,294,False,4254,4.2,16.965991735458374
75,315,True,14281,4.2,54.787659883499146
20,88,False,150,4.4,0.12898659706115723
25,110,True,115,4.4,0.14804410934448242
30,132,False,293,4.4,0.6635787487030029
35,154,False,210,4.4,0.357105016708374
40,176,True,60,4.4,0.08062148094177246
45,198,False,1900,4.4,6.015632390975952
50,220,False,2216,4.4,8.424077987670898
55,242,True,2667,4.4,7.807297468185425
60,264,False,1949,4.4,7.295870780944824
65,286,False,5068,4.4,21.416990518569946
70,308,True,2514,4.4,8.521484375
75,330,False,25178,4.4,114.84032487869263
20,92,True,33,4.6,0.027610063552856445
25,114,False,32,4.6,0.056546926498413086
30,138,True,59,4.6,0.09624338150024414
35,161,True,213,4.6,0.38199472427368164
40,184,False,1360,4.6,3.7640578746795654
45,206,False,880,4.6,3.2673940658569336
50,229,True,954,4.6,3.6630465984344482
55,252,False,4917,4.6,16.298808574676514
60,276,False,3515,4.6,12.549673318862915
65,299,False,2262,4.6,9.478532791137695
70,322,False,8724,4.6,39.935630559921265
75,345,False,14630,4.6,19.36478900909424
80,368,False,26226,4.6,40.91611123085022
85,390,False,19267,4.6,30.571726083755493
90,413,False,74475,4.6,202.9639892578125
20,96,True,44,4.8,0.1604917049407959
25,120,False,100,4.8,0.17511701583862305
30,144,True,36,4.8,0.055318593978881836
35,168,False,318,4.8,0.6937952041625977
40,192,False,280,4.8,1.0205638408660889
45,216,False,818,4.8,3.0492045879364014
50,240,False,1187,4.8,5.136277914047241
55,264,False,4086,4.8,14.016764879226685
60,288,False,2867,4.8,11.799590587615967
65,312,False,5594,4.8,24.287279844284058
70,336,False,11677,4.8,52.30672526359558
20,100,False,17,5.0,0.024379968643188477
25,125,False,92,5.0,0.25521349906921387
30,150,False,104,5.0,0.18377113342285156
35,175,False,263,5.0,0.6899685859680176
40,200,False,543,5.0,1.5754714012145996
45,225,False,424,5.0,1.6080288887023926
50,250,False,872,5.0,3.303617238998413
55,275,False,525,5.0,2.2933902740478516
60,300,False,1786,5.0,7.770362854003906
65,325,False,5833,5.0,30.154242515563965
70,350,False,5286,5.0,27.23517894744873
75,375,False,10000,5.0,60.87203001976013
20,104,True,61,5.2,0.06765103340148926
25,130,False,90,5.2,0.15575790405273438
30,156,False,61,5.2,0.11552739143371582
35,182,False,128,5.2,0.3479926586151123
40,208,False,675,5.2,1.8965950012207031
45,234,False,976,5.2,3.383251667022705
50,260,False,648,5.2,2.9352245330810547
55,286,False,979,5.2,4.897152662277222
60,312,False,3334,5.2,15.20177960395813
65,338,False,3292,5.2,17.84419322013855
70,364,False,4539,5.2,24.95620846748352
75,390,False,20167,5.2,158.59051966667175
20,108,False,73,5.4,0.07179927825927734
25,135,False,100,5.4,0.04650259017944336
30,162,False,286,5.4,0.17764735221862793
35,189,False,166,5.4,0.1764209270477295
40,216,False,706,5.4,0.7065510749816895
45,243,False,1144,5.4,1.1230826377868652
50,270,False,926,5.4,1.243276834487915
55,297,False,1564,5.4,2.4248969554901123
60,324,False,3057,5.4,4.9453277587890625
65,351,False,2933,5.4,6.264985084533691
70,378,False,2563,5.4,5.610606670379639
75,405,False,3369,5.4,8.648216962814331
80,432,False,11572,5.4,33.20461940765381
85,459,False,9193,5.4,48.50274705886841
90,486,False,11447,5.4,59.304219007492065
20,112,False,177,5.6,0.15494155883789062
25,140,False,134,5.6,0.21405625343322754
30,168,False,172,5.6,0.2539224624633789
35,196,False,282,5.6,0.5647861957550049
40,224,False,192,5.6,0.36354684829711914
45,251,False,348,5.6,1.1999826431274414
50,280,False,552,5.6,1.851405382156372
55,308,False,1283,5.6,4.2331719398498535
60,336,False,1058,5.6,4.419133424758911
65,364,False,3645,5.6,13.769680738449097
70,392,False,3982,5.6,18.742513418197632
75,420,False,4061,5.6,17.702950477600098
80,448,False,7083,5.6,41.62494683265686
85,475,False,20911,5.6,146.0085289478302
20,116,False,54,5.800000000000001,0.09403681755065918
25,145,False,48,5.800000000000001,0.10380959510803223
30,174,False,79,5.800000000000001,0.21935772895812988
35,203,False,188,5.800000000000001,0.5988218784332275
40,232,False,351,5.800000000000001,0.9912075996398926
45,261,False,285,5.800000000000001,0.9455022811889648
50,290,False,369,5.800000000000001,1.3279271125793457
55,319,False,1470,5.800000000000001,5.291724681854248
60,348,False,2179,5.800000000000001,8.080127000808716
65,377,False,1265,5.800000000000001,5.657678842544556
70,406,False,1485,5.800000000000001,7.557220935821533
75,435,False,1607,5.800000000000001,7.9714415073394775
80,464,False,4802,5.800000000000001,41.24748110771179
85,493,False,9692,5.800000000000001,20.094369649887085
90,522,False,13186,5.800000000000001,22.981271266937256
95,551,False,24689,5.800000000000001,49.00347566604614
100,580,False,24840,5.800000000000001,79.86939311027527
20,120,False,38,6.0,0.042906999588012695
25,150,False,31,6.0,0.04789543151855469
30,180,False,102,6.0,0.15616416931152344
35,210,False,179,6.0,0.5587308406829834
40,240,False,217,6.0,0.7925269603729248
45,270,False,317,6.0,1.2655737400054932
50,300,False,433,6.0,1.1693027019500732
55,330,False,482,6.0,1.2088162899017334
60,360,False,2070,6.0,5.279425144195557
65,390,False,1740,6.0,6.762066841125488
70,420,False,5744,6.0,20.36745810508728
75,450,False,5190,6.0,19.175183296203613
80,480,False,2504,6.0,11.856960535049438
85,510,False,9304,6.0,41.17837381362915
90,540,False,8632,6.0,36.129950284957886
95,570,False,7444,6.0,32.85304641723633
100,600,False,29986,6.0,135.82700967788696
40,120,True,37,3.0,0.009479284286499023
45,135,True,42,3.0,0.013542652130126953
50,150,True,165,3.0,0.03468203544616699
55,165,True,68,3.0,0.05643653869628906
60,180,True,235,3.0,0.07803916931152344
65,195,True,100,3.0,0.025121212005615234
70,210,True,64,3.0,0.059165000915527344
75,225,True,104,3.0,0.04273104667663574
80,240,True,1233,3.0,0.4514484405517578
85,255,True,156,3.0,0.11569619178771973
90,270,True,102,3.0,0.04875659942626953
95,285,True,20767,3.0,11.69538402557373
100,300,True,27460,3.0,13.129365921020508
105,315,True,219,3.0,0.14025402069091797
110,330,True,110,3.0,0.0912625789642334
115,345,True,107,3.0,0.05980491638183594
120,360,True,150,3.0,0.1148533821105957
125,375,True,749,3.0,0.45502448081970215
130,390,True,3087,3.0,1.7888453006744385
135,405,True,122,3.0,0.06935906410217285
140,420,True,1899,3.0,0.9602530002593994
145,435,True,242,3.0,0.19281291961669922
150,450,True,11434,3.0,9.1203293800354
155,465,True,144,3.0,0.10951495170593262
160,480,True,170100,3.0,193.18310451507568
40,128,True,71,3.2,0.06081247329711914
45,144,True,41,3.2,0.03620028495788574
50,160,True,43,3.2,0.03222036361694336
55,176,True,624,3.2,0.6165494918823242
60,192,True,65,3.2,0.15899252891540527
65,208,True,72,3.2,0.09708380699157715
70,224,True,535,3.2,1.0053133964538574
75,240,True,2140,3.2,2.266474962234497
80,256,True,74,3.2,0.0801231861114502
85,272,True,87,3.2,0.10726261138916016
90,288,True,88,3.2,0.17868375778198242
95,304,True,3245,3.2,2.5008063316345215
100,320,True,103,3.2,0.1940925121307373
105,336,True,99,3.2,0.13121747970581055
110,352,True,543,3.2,0.8026442527770996
115,368,True,1004,3.2,1.8649203777313232
120,384,True,8895,3.2,14.527016639709473
125,400,True,32336,3.2,59.09753680229187
40,136,True,292,3.4,0.22074103355407715
45,153,True,45,3.4,0.02082085609436035
50,170,True,93,3.4,0.05969738960266113
55,187,True,1066,3.4,1.0162229537963867
60,204,True,403,3.4,0.28159618377685547
65,221,True,71,3.4,0.06145644187927246
70,238,True,463,3.4,0.5359227657318115
75,255,True,72,3.4,0.07182502746582031
80,272,True,913,3.4,1.0929112434387207
85,289,True,4967,3.4,5.963437795639038
90,306,True,213,3.4,0.27188849449157715
95,323,True,95,3.4,0.1758255958557129
100,340,True,179,3.4,0.17417192459106445
105,357,True,1320,3.4,2.07757568359375
110,374,True,943,3.4,1.4966981410980225
115,391,True,7244,3.4,12.774660110473633
120,408,True,4419,3.4,6.416121244430542
125,425,True,2608,3.4,5.266204357147217
130,442,True,34680,3.4,82.19181251525879
40,144,True,250,3.6,0.26574182510375977
45,162,True,77,3.6,0.06175875663757324
50,180,True,224,3.6,0.18210935592651367
55,198,True,270,3.6,0.2689175605773926
60,216,True,328,3.6,0.34132933616638184
65,234,True,637,3.6,0.5979881286621094
70,252,True,1688,3.6,2.399555206298828
75,270,True,301,3.6,0.49308037757873535
80,288,True,2528,3.6,4.479884147644043
85,306,True,25134,3.6,51.46114253997803
40,152,True,87,3.8,0.04895186424255371
45,171,True,259,3.8,0.17205452919006348
50,190,True,1063,3.8,1.2458195686340332
55,209,True,192,3.8,0.25887417793273926
60,228,True,71,3.8,0.08591008186340332
65,247,True,2451,3.8,3.340477228164673
70,266,True,3828,3.8,8.480966329574585
75,285,True,9458,3.8,12.126875400543213
80,304,True,454,3.8,0.4015486240386963
85,323,True,397,3.8,0.605191707611084
90,342,True,1187,3.8,2.064445734024048
95,361,True,227,3.8,0.3562018871307373
100,380,True,218378,3.8,455.7266674041748
40,160,True,65,4.0,0.060968637466430664
45,180,True,2007,4.0,2.0144996643066406
50,200,True,2165,4.0,3.0431294441223145
55,220,False,9945,4.0,11.589280128479004
60,240,True,489,4.0,0.6393065452575684
65,260,True,1339,4.0,2.1124634742736816
70,280,True,4604,4.0,6.29063868522644
75,300,True,10694,4.0,13.829066276550293
80,320,True,7805,4.0,14.671705961227417
85,340,False,70238,4.0,144.4725034236908
40,168,True,261,4.2,0.22162508964538574
45,189,False,336,4.2,0.3069775104522705
50,210,False,4036,4.2,4.6690356731414795
55,231,True,1662,4.2,2.081902027130127
60,252,False,5304,4.2,7.967790365219116
65,273,True,8579,4.2,13.089715003967285
70,294,True,16403,4.2,25.778043270111084
75,315,False,10450,4.2,18.597846508026123
80,336,True,26146,4.2,47.0865957736969
85,357,True,26912,4.2,57.627249240875244
40,176,True,379,4.4,0.351438045501709
45,198,True,120,4.4,0.08927202224731445
50,220,False,1175,4.4,1.7115919589996338
55,242,True,2415,4.4,3.320603847503662
60,264,False,2120,4.4,3.3995349407196045
65,286,False,9441,4.4,15.683619976043701
70,308,False,11542,4.4,22.481820583343506
75,330,False,27987,4.4,50.59559369087219
40,184,False,999,4.6,1.3017687797546387
45,206,False,773,4.6,1.485229253768921
50,229,False,4228,4.6,7.761074781417847
55,252,False,1498,4.6,2.623439073562622
60,276,False,8097,4.6,11.867611169815063
65,299,False,6304,4.6,13.44437837600708
70,322,False,16081,4.6,38.5933837890625
75,345,False,12377,4.6,28.19853925704956
80,368,True,1986,4.6,4.418396949768066
85,390,True,20515,4.6,57.97763514518738
40,192,True,262,4.8,0.21195220947265625
45,216,True,126,4.8,0.11739492416381836
50,240,False,1556,4.8,2.5202982425689697
55,264,False,1955,4.8,3.55458927154541
60,288,False,4034,4.8,6.539167642593384
65,312,False,4687,4.8,9.284070491790771
70,336,False,5681,4.8,12.90924596786499
75,360,False,8905,4.8,20.63083577156067
80,384,False,27665,4.8,68.17758417129517
40,200,False,568,5.0,0.9884967803955078
45,225,False,445,5.0,0.650177001953125
50,250,False,1882,5.0,3.2733287811279297
55,275,False,2240,5.0,4.251253366470337
60,300,False,2745,5.0,7.866666793823242
65,325,False,2621,5.0,6.760769844055176
70,350,False,6609,5.0,18.3256618976593
75,375,False,6066,5.0,16.821210861206055
80,400,False,9594,5.0,29.14633846282959
85,425,False,38178,5.0,118.18719530105591
40,208,False,383,5.2,0.6810445785522461
45,234,False,522,5.2,0.9392156600952148
50,260,False,2384,5.2,4.0729358196258545
55,286,True,2064,5.2,3.527690887451172
60,312,False,833,5.2,1.808706283569336
65,338,False,5204,5.2,11.945022821426392
70,364,False,6582,5.2,18.589205265045166
75,390,False,4478,5.2,11.671592712402344
80,416,False,13650,5.2,38.52362060546875
85,442,False,24883,5.2,79.22092151641846
40,216,False,323,5.4,0.3582444190979004
45,243,False,415,5.4,0.7091166973114014
50,270,False,553,5.4,1.0050976276397705
55,297,False,1678,5.4,3.2044055461883545
60,324,False,1843,5.4,3.7664897441864014
65,351,False,5171,5.4,11.78580904006958
70,378,False,4548,5.4,12.321537256240845
75,405,False,4248,5.4,11.041124820709229
80,432,False,5021,5.4,15.507920980453491
85,459,False,10986,5.4,35.94705939292908
90,486,False,6861,5.4,27.21865487098694
95,513,False,34034,5.4,123.57660365104675
40,224,False,228,5.6,0.344998836517334
45,251,False,761,5.6,1.4958829879760742
50,280,False,551,5.6,1.2269234657287598
55,308,False,1495,5.6,4.272114992141724
60,336,False,2215,5.6,5.677306652069092
65,364,False,1779,5.6,4.763303995132446
70,392,False,4857,5.6,16.388194799423218
75,420,False,2247,5.6,7.6196417808532715
80,448,False,7884,5.6,42.917906522750854
85,475,False,7046,5.6,32.0438277721405
90,503,False,19173,5.6,68.12128400802612
40,232,False,401,5.800000000000001,0.5909128189086914
45,261,False,258,5.800000000000001,0.6049447059631348
50,290,False,885,5.800000000000001,1.9230372905731201
55,319,False,874,5.800000000000001,1.9585230350494385
60,348,False,1377,5.800000000000001,3.2452287673950195
65,377,False,2767,5.800000000000001,6.9078967571258545
70,406,False,2252,5.800000000000001,7.362443923950195
75,435,False,3733,5.800000000000001,11.312637090682983
80,464,False,7327,5.800000000000001,23.501394748687744
85,493,False,6945,5.800000000000001,22.868922233581543
90,522,False,15237,5.800000000000001,55.789867639541626
40,240,False,583,6.0,0.8322780132293701
45,270,False,526,6.0,0.9742348194122314
50,300,False,526,6.0,1.1350593566894531
55,330,False,250,6.0,0.5877900123596191
60,360,False,569,6.0,2.1796505451202393
65,390,False,1478,6.0,5.110270261764526
70,420,False,4502,6.0,14.047145366668701
75,450,False,2168,6.0,7.391338109970093
80,480,False,3176,6.0,11.893814086914062
85,510,False,8462,6.0,30.500383138656616
90,540,False,13685,6.0,51.00748658180237
40,120,True,242,3.0,0.0651700496673584
45,135,True,84,3.0,0.021854877471923828
50,150,True,63,3.0,0.015657901763916016
55,165,True,49,3.0,0.005141496658325195
60,180,True,84,3.0,0.054967641830444336
65,195,True,107,3.0,0.050008296966552734
70,210,True,121,3.0,0.03507733345031738
75,225,True,69,3.0,0.019460201263427734
80,240,True,216,3.0,0.13981342315673828
85,255,True,110,3.0,0.09750032424926758
90,270,True,453,3.0,0.3199913501739502
95,285,True,102,3.0,0.04492831230163574
100,300,True,156,3.0,0.11616969108581543
105,315,True,103,3.0,0.08022141456604004
110,330,True,288,3.0,0.1803455352783203
115,345,True,339,3.0,0.19112443923950195
120,360,True,1318,3.0,0.884739875793457
125,375,True,5817,3.0,3.37119197845459
130,390,True,150,3.0,0.11908626556396484
135,405,True,1282,3.0,0.9654912948608398
140,420,True,229,3.0,0.24169349670410156
145,435,True,196,3.0,0.15547418594360352
150,450,True,143,3.0,0.14025545120239258
155,465,True,139,3.0,0.13678884506225586
160,480,True,11304,3.0,8.611179828643799
165,495,True,230,3.0,0.2048652172088623
170,510,True,158,3.0,0.13879156112670898
175,525,True,160,3.0,0.14429926872253418
40,120,True,55,3.0,0.01149439811706543
42,126,True,57,3.0,0.023878812789916992
44,132,True,65,3.0,0.010946989059448242
46,138,True,43,3.0,0.021409034729003906
48,144,True,96,3.0,0.02831554412841797
50,150,True,63,3.0,0.052759408950805664
52,156,True,51,3.0,0.02016162872314453
54,162,True,229,3.0,0.049619197845458984
56,168,True,171,3.0,0.030033349990844727
58,174,True,136,3.0,0.03022027015686035
60,180,True,397,3.0,0.11358308792114258
62,186,True,261,3.0,0.0710608959197998
64,192,True,254,3.0,0.03169870376586914
66,198,True,1935,3.0,0.5732476711273193
68,204,True,72,3.0,0.024835824966430664
70,210,True,527,3.0,0.18381237983703613
72,216,True,793,3.0,0.40428662300109863
74,222,True,465,3.0,0.3287787437438965
76,228,True,1182,3.0,0.44623732566833496
78,234,True,79,3.0,0.03237509727478027
80,240,True,77,3.0,0.0592198371887207
82,246,True,191,3.0,0.06698226928710938
84,252,True,140,3.0,0.0733799934387207
86,258,True,157,3.0,0.05316615104675293
88,264,True,997,3.0,0.440166711807251
90,270,True,86,3.0,0.033689260482788086
92,276,True,86,3.0,0.03255319595336914
94,282,True,97,3.0,0.08068609237670898
96,288,True,112,3.0,0.05106043815612793
98,294,True,6733,3.0,3.330320119857788
100,300,True,840,3.0,0.3641645908355713
102,306,True,6780,3.0,3.008030891418457
104,312,True,93,3.0,0.07333874702453613
106,318,True,145,3.0,0.06035900115966797
108,324,True,125,3.0,0.08693313598632812
110,330,True,109,3.0,0.04522538185119629
112,336,True,120,3.0,0.04695892333984375
114,342,True,106,3.0,0.044740915298461914
116,348,True,744,3.0,0.23114967346191406
118,354,True,116,3.0,0.08414793014526367
120,360,True,110,3.0,0.05446624755859375
122,366,True,562,3.0,0.38703298568725586
124,372,True,6486,3.0,3.6389858722686768
126,378,True,1862,3.0,0.835860013961792
128,384,True,135,3.0,0.06254315376281738
130,390,True,404,3.0,0.22951412200927734
132,396,True,138,3.0,0.10977315902709961
134,402,True,1116,3.0,0.5464634895324707
136,408,True,667,3.0,0.4089376926422119
138,414,True,9249,3.0,5.995503187179565
140,420,True,305,3.0,0.24720382690429688
142,426,True,135,3.0,0.25080227851867676
144,432,True,602,3.0,0.6307985782623291
146,438,True,14570,3.0,22.58855152130127
148,444,True,4845,3.0,3.8695735931396484
150,450,True,208,3.0,0.25890564918518066
152,456,True,30173,3.0,31.747487545013428
154,462,True,146,3.0,0.2140970230102539
156,468,True,161,3.0,0.29815053939819336
158,474,True,3204,3.0,5.659733533859253
160,480,True,149,3.0,0.261641263961792
162,486,True,172,3.0,0.390230655670166
164,492,True,163,3.0,0.5628242492675781
166,498,True,1348,3.0,4.914734840393066
168,504,True,37700,3.0,57.66290020942688
163,489,True,436,3.0,0.4062306880950928
165,495,True,14374,3.0,21.065754175186157
167,501,True,566,3.0,0.7304551601409912
169,507,True,202,3.0,0.300764799118042
171,513,True,34669,3.0,50.61441946029663
166,498,True,568462,3.0,91.21747303009033
161,483,True,171,3.0,0.2646920680999756
163,489,True,223,3.0,0.2932448387145996
165,495,True,15807,3.0,33.041799545288086
167,501,True,153,3.0,1.013744831085205
169,507,True,38387,3.0,70.31904530525208
164,492,True,1984,3.0,2.4851481914520264
166,498,True,169130,3.0,186.49798583984375
161,483,True,188,3.0,0.24704933166503906
163,489,True,172,3.0,0.2520413398742676
165,495,True,161,3.0,0.23906755447387695
167,501,True,5234,3.0,5.2924888134002686
169,507,True,156,3.0,0.23300886154174805
171,513,True,216,3.0,0.3081047534942627
173,519,True,154,3.0,0.23009014129638672
40,120,True,48,3.0,0.014916658401489258
42,126,True,65,3.0,0.01732182502746582
44,132,True,40,3.0,0.014159202575683594
46,138,True,44,3.0,0.009058713912963867
48,144,True,63,3.0,0.015558719635009766
50,150,True,417,3.0,0.11403155326843262
52,156,True,61,3.0,0.019911766052246094
54,162,True,203,3.0,0.05572080612182617
56,168,True,57,3.0,0.01982569694519043
58,174,True,189,3.0,0.0936121940612793
60,180,True,56,3.0,0.01952362060546875
62,186,True,62,3.0,0.015953540802001953
64,192,True,2094,3.0,0.7176108360290527
66,198,True,77,3.0,0.021428585052490234
68,204,True,324,3.0,0.11200666427612305
70,210,True,282,3.0,0.05143141746520996
72,216,True,531,3.0,0.24788832664489746
74,222,True,76,3.0,0.04051351547241211
76,228,True,77,3.0,0.10258913040161133
78,234,True,88,3.0,0.023102760314941406
80,240,True,83,3.0,0.030272483825683594
82,246,True,899,3.0,0.5101358890533447
84,252,True,1521,3.0,0.813152551651001
86,258,True,79,3.0,0.03167438507080078
88,264,True,891,3.0,0.4990386962890625
90,270,True,1032,3.0,0.6041865348815918
92,276,True,14140,3.0,7.850101470947266
94,282,True,116,3.0,0.09017324447631836
96,288,True,2983,3.0,1.6229028701782227
98,294,True,97,3.0,0.047537803649902344
100,300,True,876,3.0,0.445631742477417
102,306,True,109,3.0,0.09016013145446777
104,312,True,4184,3.0,2.565720796585083
106,318,True,601,3.0,0.41136932373046875
108,324,True,154,3.0,0.06986331939697266
110,330,True,99,3.0,0.0902400016784668
112,336,True,107,3.0,0.0513608455657959
114,342,True,1158,3.0,0.7860853672027588
116,348,True,110,3.0,0.05160045623779297
118,354,True,2091,3.0,1.3324410915374756
120,360,True,228,3.0,0.17021965980529785
122,366,True,637,3.0,0.5741672515869141
124,372,True,203,3.0,0.16245198249816895
126,378,True,602,3.0,0.3664059638977051
128,384,True,347,3.0,0.2497575283050537
130,390,True,160,3.0,0.07653403282165527
132,396,True,3427,3.0,2.0697124004364014
134,402,True,129,3.0,0.09022140502929688
136,408,True,11489,3.0,7.12348198890686
138,414,True,6386,3.0,3.6136474609375
140,420,True,135,3.0,0.13597440719604492
142,426,True,128,3.0,0.08323860168457031
144,432,True,4055,3.0,2.461745023727417
40,120,True,46,3.0,0.03151655197143555
42,126,True,106,3.0,0.09438753128051758
44,132,True,39,3.0,0.0189056396484375
46,138,True,42,3.0,0.020273208618164062
48,144,True,187,3.0,0.07958483695983887
50,150,True,49,3.0,0.030910015106201172
52,156,True,63,3.0,0.03233480453491211
54,162,True,52,3.0,0.032241106033325195
56,168,True,76,3.0,0.03836512565612793
58,174,True,69,3.0,0.0702054500579834
60,180,True,55,3.0,0.031122446060180664
62,186,True,86,3.0,0.06165003776550293
64,192,True,142,3.0,0.08597254753112793
66,198,True,85,3.0,0.08148002624511719
68,204,True,561,3.0,0.5033228397369385
70,210,True,67,3.0,0.11113119125366211
72,216,True,132,3.0,0.08167076110839844
74,222,True,440,3.0,0.3278532028198242
76,228,True,66,3.0,0.055625200271606445
78,234,True,138,3.0,0.10008478164672852
80,240,True,137,3.0,0.14094209671020508
82,246,True,808,3.0,0.9488863945007324
84,252,True,436,3.0,0.19681644439697266
86,258,True,76,3.0,0.10337471961975098
88,264,True,2062,3.0,1.4338607788085938
90,270,True,118,3.0,0.14452481269836426
92,276,True,86,3.0,0.07990026473999023
94,282,True,588,3.0,0.534536600112915
96,288,True,90,3.0,0.08442950248718262
98,294,True,91,3.0,0.12003755569458008
100,300,True,1695,3.0,1.7708449363708496
102,306,True,96,3.0,0.13656115531921387
104,312,True,774,3.0,0.5908923149108887
106,318,True,96,3.0,0.12989497184753418
108,324,True,115,3.0,0.1288456916809082
110,330,True,2805,3.0,2.9874649047851562
112,336,True,100,3.0,0.11895275115966797
114,342,True,109,3.0,0.15030813217163086
116,348,True,121,3.0,0.13807892799377441
118,354,True,160,3.0,0.18317818641662598
120,360,True,5886,3.0,6.46315860748291
122,366,True,131,3.0,0.1321098804473877
124,372,True,3816,3.0,2.8991827964782715
126,378,True,571,3.0,0.585709810256958
128,384,True,1954,3.0,1.5014185905456543
130,390,True,8610,3.0,9.251003503799438
132,396,True,124,3.0,0.20009231567382812
134,402,True,158,3.0,0.24431133270263672
136,408,True,430,3.0,0.6113975048065186
40,120,True,35,3.0,0.0242919921875
42,126,True,51,3.0,0.02763509750366211
44,132,True,175,3.0,0.07613706588745117
46,138,True,110,3.0,0.06388068199157715
48,144,True,72,3.0,0.04584455490112305
50,150,True,46,3.0,0.03821206092834473
52,156,True,234,3.0,0.1500110626220703
54,162,True,330,3.0,0.20268869400024414
56,168,True,137,3.0,0.11423659324645996
58,174,True,65,3.0,0.07131719589233398
60,180,True,135,3.0,0.12725138664245605
62,186,True,473,3.0,0.32453250885009766
64,192,True,57,3.0,0.048569679260253906
66,198,True,91,3.0,0.08193659782409668
68,204,True,406,3.0,0.33476877212524414
70,210,True,508,3.0,0.45742201805114746
72,216,True,557,3.0,0.4250364303588867
74,222,True,135,3.0,0.11666345596313477
76,228,True,531,3.0,0.46006345748901367
78,234,True,76,3.0,0.09493446350097656
80,240,True,1921,3.0,1.4613802433013916
82,246,True,241,3.0,0.18828892707824707
84,252,True,79,3.0,0.06905603408813477
86,258,True,121,3.0,0.1197047233581543
88,264,True,1566,3.0,1.1301696300506592
90,270,True,245,3.0,0.27022290229797363
92,276,True,86,3.0,0.08826136589050293
94,282,True,87,3.0,0.09221696853637695
96,288,True,90,3.0,0.1310100555419922
98,294,True,92,3.0,0.09015417098999023
100,300,True,1154,3.0,1.1377918720245361
102,306,True,155,3.0,0.14730191230773926
104,312,True,2055,3.0,2.1800830364227295
106,318,True,114,3.0,0.17272424697875977
108,324,True,2738,3.0,3.0023183822631836
110,330,True,139,3.0,0.19900083541870117
112,336,True,400,3.0,0.3118722438812256
114,342,True,13094,3.0,12.583093166351318
116,348,True,411,3.0,0.336010217666626
118,354,True,2150,3.0,2.7290937900543213
120,360,True,2372,3.0,2.30338454246521
122,366,True,2084,3.0,2.347179889678955
124,372,True,13144,3.0,17.95604658126831
126,378,True,124,3.0,0.20849227905273438
128,384,True,1804,3.0,2.645775318145752
130,390,True,122,3.0,0.1932976245880127
132,396,True,2100,3.0,4.4564127922058105
134,402,True,8931,3.0,15.955230712890625
136,408,True,1823,3.0,3.0234737396240234
138,414,True,3809,3.0,6.669398784637451
40,120,True,71,3.0,0.08614706993103027
42,126,True,40,3.0,0.06606197357177734
44,132,True,578,3.0,0.40753960609436035
46,138,True,44,3.0,0.05336713790893555
48,144,True,544,3.0,0.6554441452026367
50,150,True,87,3.0,0.08181166648864746
52,156,True,76,3.0,0.08128046989440918
54,162,True,49,3.0,0.11354637145996094
56,168,True,611,3.0,0.5491030216217041
58,174,True,60,3.0,0.06897640228271484
60,180,True,1119,3.0,0.5771172046661377
62,186,True,107,3.0,0.09199714660644531
64,192,True,1016,3.0,0.7965819835662842
66,198,True,62,3.0,0.05443859100341797
68,204,True,455,3.0,0.3299381732940674
70,210,True,90,3.0,0.07199239730834961
72,216,True,65,3.0,0.08624887466430664
74,222,True,86,3.0,0.0845026969909668
76,228,True,73,3.0,0.0674581527709961
78,234,True,80,3.0,0.0602569580078125
80,240,True,76,3.0,0.07425904273986816
82,246,True,82,3.0,0.10668373107910156
84,252,True,97,3.0,0.10907340049743652
86,258,True,6125,3.0,5.309894561767578
88,264,True,2064,3.0,2.1498613357543945
90,270,True,421,3.0,0.5488522052764893
92,276,True,125,3.0,0.22434234619140625
94,282,True,182,3.0,0.3339235782623291
96,288,True,87,3.0,0.15854692459106445
98,294,True,912,3.0,1.485954999923706
100,300,True,94,3.0,0.19992995262145996
102,306,True,103,3.0,0.2816340923309326
104,312,True,272,3.0,1.90376877784729
106,318,True,147,3.0,0.4697716236114502
108,324,True,211,3.0,0.6598870754241943
110,330,True,99,3.0,0.287339448928833
112,336,True,307,3.0,0.9643356800079346
114,342,True,118,3.0,0.7318823337554932
116,348,True,436,3.0,1.1578059196472168
118,354,True,199,3.0,0.7930576801300049
120,360,True,145,3.0,0.7113387584686279
117,351,True,4744,3.0,17.018871784210205
119,357,True,106,3.0,0.48565196990966797
121,363,True,800,3.0,2.7321457862854004
123,369,True,1683,3.0,7.52568244934082
120,360,True,4968,3.0,7.6796393394470215
122,366,True,121,3.0,0.2978689670562744
124,372,True,125,3.0,0.2996542453765869
126,378,True,176,3.0,0.4409146308898926
128,384,True,1585,3.0,2.3723599910736084
130,390,True,122,3.0,0.36188411712646484
132,396,True,142,3.0,0.4955942630767822
129,387,True,136,3.0,0.4198324680328369
131,393,True,121,3.0,0.4232509136199951
133,399,True,9165,3.0,12.464311599731445
130,390,True,123,3.0,0.33218836784362793
132,396,True,11675,3.0,15.234797477722168
129,387,True,1162,3.0,2.5406858921051025
131,393,True,9400,3.0,27.047595262527466
133,399,True,122,3.0,0.5101807117462158
135,405,True,150,3.0,0.4601013660430908
137,411,True,211,3.0,0.7108170986175537
134,402,True,818,3.0,2.161384344100952
131,393,True,143,3.0,0.30032801628112793
133,399,True,977,3.0,1.6126203536987305
130,390,True,11826,3.0,17.31403684616089
132,396,True,128,3.0,0.23046016693115234
134,402,True,128,3.0,0.24501967430114746
136,408,True,374,3.0,0.4817025661468506
138,414,True,7256,3.0,9.281636476516724
140,420,True,122,3.0,0.27165842056274414
142,426,True,1177,3.0,1.9408347606658936
144,432,True,3121,3.0,2.4197590351104736
146,438,True,152,3.0,0.27242040634155273
148,444,True,265,3.0,0.42080020904541016
150,450,True,1095,3.0,1.841515302658081
152,456,True,156,3.0,0.28023767471313477
154,462,True,141,3.0,0.2788093090057373
156,468,True,155,3.0,0.2999269962310791
158,474,True,10605,3.0,17.271119832992554
160,480,True,157,3.0,0.3092372417449951
162,486,True,14289,3.0,26.420021533966064
159,477,True,3765,3.0,6.189903736114502
161,483,True,327,3.0,0.5141470432281494
163,489,True,195,3.0,0.39400219917297363
165,495,True,222,3.0,0.4592292308807373
167,501,True,551,3.0,0.917853593826294
169,507,True,201,3.0,0.3813619613647461
166,498,True,13693,3.0,21.365737438201904
168,504,True,2091,3.0,3.967181921005249
165,528,True,202,3.2,0.4788801670074463
157,502,True,1391,3.2,6.049005746841431
159,508,True,235,3.2,0.6619651317596436
161,515,True,308,3.2,1.1380560398101807
158,505,True,3309,3.2,11.638606786727905
160,512,True,166,3.2,0.6149075031280518
162,518,True,158,3.2,0.6097416877746582
164,524,True,1878,3.2,5.897555112838745
166,531,True,556,3.2,2.0373873710632324
168,537,True,1322,3.2,4.165709495544434
170,544,True,779,3.2,2.5547280311584473
172,550,True,212,3.2,0.9043798446655273
174,556,True,275,3.2,0.9400348663330078
176,563,True,3454,3.2,8.007806301116943
173,553,True,2090,3.2,8.861289739608765
175,560,True,202,3.2,0.48442578315734863
167,534,True,648,3.2,3.86602520942688
164,524,True,190,3.2,1.1604328155517578
161,515,True,258,3.2,1.7550110816955566
163,521,True,4333,3.2,29.51033353805542
155,496,True,1132,3.2,4.614511251449585
147,470,True,5957,3.2,25.71091055870056
144,460,True,135,3.2,0.7702312469482422
146,467,True,133,3.2,0.8484046459197998
148,473,True,3071,3.2,10.479649782180786
150,480,True,228,3.2,1.2599444389343262
152,486,True,4101,3.2,23.124950647354126
149,476,True,151,3.2,0.7010507583618164
146,467,True,1905,3.2,9.702112197875977
143,457,True,7314,3.2,22.878559827804565
145,464,True,5930,3.2,15.413996696472168
137,438,True,126,3.2,0.4198300838470459
134,428,True,5768,3.2,13.044532060623169
136,435,True,679,3.2,1.1738276481628418
138,441,True,314,3.2,0.8397562503814697
140,448,True,252,3.2,0.6199069023132324
142,454,True,4266,3.2,12.98641037940979
144,460,True,2013,3.2,4.566697359085083
146,467,True,5425,3.2,13.996971368789673
143,457,True,9412,3.2,23.397414684295654
145,464,True,186,3.2,0.7689714431762695
147,470,True,2766,3.2,6.648741960525513
149,476,True,1184,3.2,3.89497447013855
146,467,True,2013,3.2,6.917086839675903
138,441,True,171,3.2,0.5112242698669434
140,448,True,6005,3.2,16.691514492034912
137,438,True,5232,3.2,15.235111951828003
139,444,True,244,3.2,0.6577277183532715
141,451,True,314,3.2,0.7213253974914551
143,457,True,134,3.2,0.34511852264404297
145,464,True,271,3.2,0.8756451606750488
147,470,True,2151,3.2,5.849891185760498
149,476,True,144,3.2,0.4771578311920166
151,483,True,157,3.2,0.5447375774383545
153,489,True,223,3.2,0.7062911987304688
150,480,True,240,3.2,0.7088119983673096
142,454,True,686,3.2,2.369952440261841
144,460,True,6545,3.2,15.522501945495605
141,451,True,2128,3.2,4.682292461395264
143,457,True,133,3.2,0.4609334468841553
145,464,True,2163,3.2,6.616018772125244
142,454,True,2217,3.2,8.418594598770142
144,460,True,3536,3.2,9.253103017807007
141,451,True,209,3.2,0.7665550708770752
143,457,True,181,3.2,0.9500501155853271
135,432,True,899,3.2,1.8707692623138428
137,438,True,11670,3.2,29.418041706085205
139,472,True,4708,3.4,14.04961609840393
136,462,True,4880,3.4,15.668550491333008
138,469,True,7148,3.4,24.912672996520996
135,459,True,1356,3.4,4.15995717048645
137,465,True,129,3.4,0.5785067081451416
139,472,True,273,3.4,0.880748987197876
141,479,True,132,3.4,0.551621675491333
128,435,True,6841,3.4,17.41326379776001
130,442,True,1135,3.4,4.120694875717163
132,448,True,2570,3.4,7.168902158737183
134,455,True,231,3.4,0.672400712966919
131,445,True,1608,3.4,4.918517112731934
133,452,True,1501,3.4,4.372073411941528
130,442,True,10308,3.4,28.21747589111328
132,448,True,8878,3.4,24.570142030715942
134,455,True,1762,3.4,4.7242958545684814
131,445,True,1131,3.4,2.73858380317688
133,452,True,5768,3.4,20.020188331604004
135,459,True,4849,3.4,12.782796144485474
127,431,True,121,3.4,0.3840525150299072
114,387,True,3677,3.4,6.383286476135254
116,394,True,3561,3.4,8.738523006439209
113,384,True,2192,3.4,2.291417121887207
115,391,True,1609,3.4,4.3216023445129395
117,397,True,187,3.4,0.49359560012817383
114,387,True,4469,3.4,14.31351351737976
116,394,True,2990,3.4,5.16784143447876
113,384,True,393,3.4,1.0681965351104736
115,391,True,149,3.4,0.4435281753540039
112,380,True,189,3.4,0.44144225120544434
104,353,True,6122,3.4,11.589553833007812
106,360,True,3120,3.4,7.743362665176392
108,367,True,5781,3.4,15.714904546737671
110,374,True,611,3.4,1.1978614330291748
112,380,True,1630,3.4,3.568763256072998
114,387,True,3387,3.4,5.608922719955444
116,394,True,169,3.4,0.4809117317199707
113,384,True,5087,3.4,12.293087244033813
110,374,True,170,3.4,0.35970044136047363
112,380,True,106,3.4,0.3577895164489746
114,387,True,105,3.4,0.27834272384643555
116,394,True,2466,3.4,7.258509874343872
108,367,True,1444,3.4,3.331662178039551
110,374,True,3592,3.4,8.238308191299438
112,380,True,170,3.4,0.3946189880371094
114,387,True,2662,3.4,7.10316014289856
116,394,True,1507,3.4,7.2817442417144775
113,384,True,8119,3.4,22.607924461364746
105,357,True,100,3.4,0.26890110969543457
102,346,True,1525,3.4,3.5179574489593506
104,353,True,1889,3.4,3.5513288974761963
106,360,True,1881,3.4,4.739875316619873
108,367,True,305,3.4,0.9194190502166748
110,374,True,434,3.4,0.931215763092041
112,380,True,6137,3.4,11.008776903152466
114,387,True,107,3.4,0.2598402500152588
116,394,True,5748,3.4,17.841282844543457
118,401,True,247,3.4,0.6271672248840332
120,408,True,6471,3.4,16.869261980056763
122,414,True,225,3.4,0.5194032192230225
124,421,True,6710,3.4,17.28922700881958
126,428,True,152,3.4,0.47413015365600586
123,418,True,127,3.4,0.3999662399291992
125,425,True,6075,3.4,13.729924440383911
127,431,True,303,3.4,0.8714504241943359
124,421,True,1560,3.4,4.262740612030029
126,428,True,4406,3.4,10.79094123840332
118,401,True,4626,3.4,12.443203210830688
120,408,True,112,3.4,0.35604238510131836
122,439,True,216,3.6,0.7427222728729248
104,374,True,7905,3.6,17.98843765258789
101,363,True,245,3.6,0.6198687553405762
98,352,True,106,3.6,0.2375953197479248
100,360,True,3522,3.6,7.03903865814209
102,367,True,1754,3.6,3.1232032775878906
99,356,True,9533,3.6,23.888728618621826
101,363,True,9953,3.6,29.448007822036743
93,334,True,8242,3.6,18.523396968841553
95,342,True,4703,3.6,10.72295618057251
97,349,True,392,3.6,0.8787963390350342
84,302,True,667,3.6,1.4264826774597168
86,309,True,1500,3.6,4.72476053237915
88,316,True,8598,3.6,18.19117021560669
90,324,True,10919,3.6,23.630342721939087
92,331,True,3933,3.6,7.777666807174683
94,338,True,1709,3.6,3.2209672927856445
96,345,True,144,3.6,0.31198763847351074
93,334,True,3865,3.6,8.573934316635132
95,342,True,1744,3.6,4.759321451187134
97,349,True,1041,3.6,1.8991940021514893
94,338,True,4524,3.6,28.999282121658325
96,345,True,11857,3.6,26.660523653030396
98,352,True,7438,3.6,22.55585765838623
100,360,True,782,3.6,2.0226595401763916
102,367,True,344,3.6,0.7833337783813477
104,374,True,1524,3.6,2.103379487991333
101,363,True,2069,3.6,4.310014009475708
103,370,True,1742,3.6,4.884608268737793
105,378,True,1891,3.6,5.737773895263672
107,385,True,6734,3.6,21.276182651519775
109,392,True,104,3.6,0.3740270137786865
111,399,True,2539,3.6,8.579962968826294
113,406,True,5063,3.6,14.763913631439209
115,414,True,7307,3.6,17.339510917663574
117,421,True,2086,3.6,6.152584552764893
119,428,True,2104,3.6,5.770870685577393
96,345,True,623,3.6,1.507925033569336
98,352,True,1065,3.6,1.6633782386779785
100,360,True,888,3.6,1.8602895736694336
87,313,True,102,3.6,0.27593159675598145
89,320,True,1177,3.6,2.2376606464385986
91,327,True,1701,3.6,2.907830238342285
93,334,True,90,3.6,0.18775343894958496
95,342,True,786,3.6,2.033344030380249
97,349,True,5549,3.6,12.892722129821777
99,356,True,398,3.6,0.9412574768066406
91,327,True,7881,3.6,17.19172167778015
88,316,True,853,3.6,1.8697562217712402
90,324,True,4152,3.6,21.547579526901245
87,313,True,554,3.6,1.2832188606262207
84,302,True,895,3.6,1.979984998703003
86,309,True,981,3.6,1.9147372245788574
88,316,True,365,3.6,0.9999938011169434
90,324,True,848,3.6,2.343048572540283
92,331,True,5158,3.6,13.99874234199524
94,338,True,83,3.6,0.27404236793518066
96,345,True,145,3.6,0.33677077293395996
88,316,True,1204,3.6,2.239682912826538
90,324,True,110,3.6,0.2305295467376709
92,331,True,2410,3.6,6.129806041717529
89,320,True,436,3.6,0.6996407508850098
86,309,True,808,3.6,0.9439027309417725
88,316,True,8038,3.6,10.019962310791016
85,306,True,8383,3.6,23.94328022003174
87,313,True,1048,3.6,3.8600189685821533
89,320,True,85,3.6,0.36266136169433594
91,345,True,3058,3.8,12.599631786346436
88,334,True,168,3.8,0.9061834812164307
90,342,True,616,3.8,2.3508970737457275
87,330,True,3079,3.8,14.396726846694946
79,300,True,1060,3.8,3.1015384197235107
81,307,True,2248,3.8,8.727732181549072
83,315,True,3988,3.8,17.054816246032715
85,323,True,307,3.8,0.7727479934692383
87,330,True,4995,3.8,22.510088682174683
89,338,True,2068,3.8,8.132932424545288
91,345,True,86,3.8,0.33525824546813965
88,334,True,3688,3.8,16.684288024902344
85,323,True,5563,3.8,21.874621868133545
77,292,True,4437,3.8,27.933521509170532
79,300,True,5468,3.8,23.121626377105713
76,288,True,5686,3.8,24.89610195159912
73,277,True,4828,3.8,16.59978485107422
75,285,True,1989,3.8,6.350265026092529
77,292,True,4862,3.8,19.155152559280396
69,262,True,2762,3.8,9.641627073287964
71,269,True,2419,3.8,8.400896787643433
73,277,True,6023,3.8,19.707550764083862
75,285,True,5239,3.8,21.588732481002808
77,292,True,7683,3.8,27.601263761520386
79,300,True,1333,3.8,4.982940912246704
71,269,True,8412,3.8,28.545814752578735
73,277,True,2298,3.8,7.528959274291992
75,285,True,1267,3.8,4.618004322052002
72,273,True,6948,3.8,24.290481567382812
74,281,True,114,3.8,0.5409722328186035
71,269,True,81,3.8,0.27121567726135254
73,277,True,2686,3.8,9.406621932983398
75,285,True,230,3.8,0.7744784355163574
77,292,True,1898,3.8,7.501657962799072
74,281,True,6193,3.8,23.06680464744568
76,288,True,3249,3.8,12.7200288772583
78,296,True,724,3.8,2.5937206745147705
80,304,True,1245,3.8,5.3951122760772705
77,292,True,139,3.8,0.5420224666595459
79,300,True,107,3.8,0.3234539031982422
76,288,True,3723,3.8,13.399328231811523
78,296,True,5624,3.8,22.978811502456665
75,285,True,166,3.8,0.5386121273040771
77,292,True,1635,3.8,5.273213624954224
74,281,True,2283,3.8,9.075214385986328
71,269,True,690,3.8,2.34247088432312
68,258,True,91,3.8,0.2716696262359619
70,266,True,2531,3.8,8.269976377487183
72,273,True,4858,3.8,17.881730794906616
74,281,True,113,3.8,0.38100242614746094
76,288,True,261,3.8,1.0782949924468994
78,296,True,139,3.8,0.47957897186279297
80,304,True,1247,3.8,3.0742087364196777
82,311,True,423,3.8,1.0911345481872559
74,281,True,90,3.8,0.2814655303955078
76,288,True,604,3.8,2.0483717918395996
73,277,True,164,3.8,0.5577132701873779
70,266,True,1015,3.8,2.5354537963867188
72,273,True,359,3.8,1.208582878112793
74,281,True,5142,3.8,20.317466735839844
71,269,True,7761,3.8,26.953882932662964
73,277,True,118,3.8,0.405285120010376
75,285,True,608,3.8,2.2967913150787354
72,273,True,313,3.8,1.213313102722168
74,281,True,740,3.8,2.2325809001922607
71,269,True,4680,3.8,17.1905038356781
68,258,True,66,3.8,0.1850581169128418
70,266,True,2573,3.8,8.481046915054321
72,273,True,3237,3.8,13.104421615600586
69,276,True,6992,4.0,16.21073341369629
66,264,True,3039,4.0,4.920896530151367
63,252,True,61,4.0,0.0655360221862793
65,260,True,748,4.0,1.101205825805664
67,268,False,12688,4.0,19.751266717910767
69,276,True,1157,4.0,1.2392706871032715
66,264,True,1041,4.0,1.632863998413086
68,272,False,12940,4.0,17.92785620689392
70,280,True,1796,4.0,2.1702582836151123
67,268,True,3529,4.0,4.162846803665161
69,276,True,6136,4.0,8.377532720565796
66,264,True,4114,4.0,4.791194438934326
68,272,True,2346,4.0,3.281118869781494
70,280,True,3101,4.0,3.773085832595825
72,288,True,13229,4.0,16.54334831237793
74,296,True,559,4.0,0.8582816123962402
76,304,True,4246,4.0,5.81777811050415
78,312,True,3269,4.0,3.972900629043579
75,300,True,7131,4.0,10.988576412200928
77,308,True,9897,4.0,14.084620714187622
79,316,True,3664,4.0,6.921422958374023
81,324,True,1556,4.0,2.5686116218566895
78,312,True,6764,4.0,23.398329734802246
70,280,True,1595,4.0,5.8063507080078125
62,248,True,695,4.0,2.5197465419769287
64,256,False,4700,4.0,27.012342929840088
61,244,True,933,4.0,2.641850709915161
63,252,True,2962,4.0,10.647462606430054
60,240,True,366,4.0,1.2415499687194824
62,248,True,441,4.0,1.7889740467071533
64,256,True,785,4.0,2.4592630863189697
61,244,True,5135,4.0,17.68952512741089
63,252,True,674,4.0,2.1687116622924805
60,240,True,1294,4.0,5.565463066101074
57,228,False,9651,4.0,28.472213745117188
59,236,True,2751,4.0,8.619900703430176
61,244,True,717,4.0,1.774219036102295
63,252,True,255,4.0,0.7460601329803467
65,260,True,137,4.0,0.6155107021331787
67,268,True,1574,4.0,6.301296234130859
69,276,True,1421,4.0,4.419919967651367
71,284,True,70,4.0,0.4325540065765381
73,292,True,4107,4.0,16.415483474731445
70,280,True,4967,4.0,16.886382341384888
72,288,True,3259,4.0,11.182965755462646
69,276,True,858,4.0,3.367208957672119
66,264,True,201,4.0,0.7561676502227783
68,272,True,871,4.0,3.001082420349121
65,260,True,5610,4.0,17.796569347381592
67,268,True,845,4.0,1.6726632118225098
64,256,True,1256,4.0,4.339298725128174
66,264,True,1144,4.0,3.8491928577423096
68,272,True,5793,4.0,20.95868754386902
70,280,True,3692,4.0,11.884593725204468
72,288,True,171,4.0,0.548377513885498
64,256,True,93,4.0,0.29940319061279297
66,264,False,4405,4.0,16.677866458892822
63,252,True,3282,4.0,10.599943161010742
65,260,True,1183,4.0,4.744991064071655
62,248,True,6647,4.0,23.06483244895935
64,256,True,328,4.0,0.28185057640075684
66,264,True,3622,4.0,5.060122966766357
68,272,True,89,4.0,0.21389222145080566
70,280,True,2896,4.0,3.7513816356658936
72,288,True,77,4.0,0.08285069465637207
74,296,True,12159,4.0,21.16190195083618
76,304,True,9937,4.0,14.414390087127686
78,312,True,5142,4.0,6.187787771224976
75,300,True,2581,4.0,3.383343458175659
67,268,True,1139,4.0,1.3163766860961914
69,276,True,13826,4.0,22.46591067314148
66,277,True,516,4.2,0.8297312259674072
63,264,True,3093,4.2,4.78150486946106
65,273,False,14847,4.2,27.884013175964355
67,281,True,149,4.2,0.22340679168701172
69,289,True,328,4.2,0.7704956531524658
71,298,True,3578,4.2,9.399238348007202
73,306,True,6351,4.2,13.318820714950562
70,294,True,4994,4.2,10.865123748779297
72,302,True,9822,4.2,23.13979721069336
74,310,True,2025,4.2,4.895723581314087
76,319,True,3071,4.2,6.082738399505615
73,306,True,11880,4.2,25.50044870376587
60,252,False,6810,4.2,12.715723514556885
62,260,True,3708,4.2,9.349356174468994
64,268,True,2207,4.2,4.666510581970215
66,277,False,4115,4.2,7.795621156692505
68,285,True,10563,4.2,25.676347970962524
70,294,True,13366,4.2,25.39993977546692
72,302,True,1782,4.2,2.8443593978881836
74,310,True,1806,4.2,3.4310946464538574
61,256,False,8993,4.2,28.093238353729248
63,264,False,6573,4.2,9.759811401367188
65,273,True,9230,4.2,19.283450841903687
67,281,False,5603,4.2,14.519180297851562
69,289,False,9092,4.2,14.416202306747437
71,298,True,1241,4.2,1.8990015983581543
73,306,True,6117,4.2,7.669003248214722
70,294,False,17015,4.2,25.249109029769897
72,302,True,218,4.2,0.27573442459106445
74,310,True,17046,4.2,22.282479763031006
66,277,True,538,4.2,0.6837503910064697
63,264,True,756,4.2,0.8665745258331299
65,273,True,4305,4.2,4.807253122329712
67,281,False,12978,4.2,17.13334894180298
69,289,False,18294,4.2,22.400298595428467
66,277,True,3224,4.2,3.5331945419311523
68,285,False,14413,4.2,18.300100326538086
70,294,False,13446,4.2,17.750024557113647
72,302,True,19937,4.2,25.466272592544556
64,268,False,7450,4.2,9.384012699127197
66,277,False,19906,4.2,25.434147357940674
68,285,True,14332,4.2,18.200726747512817
70,294,False,23471,4.2,29.68341898918152
67,281,True,5109,4.2,6.215991973876953
69,289,True,5152,4.2,6.268021583557129
71,298,False,13561,4.2,18.98343014717102
73,306,False,10584,4.2,14.883434534072876
75,315,True,18323,4.2,22.377947568893433
77,323,True,15285,4.2,22.183181047439575
74,310,False,15467,4.2,23.184203624725342
76,319,True,6081,4.2,9.2853684425354
78,327,True,13364,4.2,20.799256563186646
75,315,True,3049,4.2,4.000163793563843
72,302,True,9016,4.2,12.683736801147461
69,289,True,1564,4.2,2.149630546569824
71,298,True,10469,4.2,13.982772827148438
73,306,True,1598,4.2,2.169163465499878
75,315,True,9132,4.2,11.351378917694092
77,323,True,2257,4.2,3.5667073726654053
79,331,True,3464,4.2,5.789205551147461
81,340,True,1008,4.2,1.3166313171386719
83,348,True,7952,4.2,10.250401973724365
80,336,True,3000,4.2,4.600126266479492
82,344,True,519,4.2,0.5642204284667969
79,331,True,3296,4.2,4.118474960327148
81,340,True,7060,4.2,9.616387367248535
73,306,True,6145,4.2,8.883785247802734
75,315,True,1788,4.2,2.4333300590515137
72,302,True,3883,4.2,5.3214428424835205
69,289,False,11313,4.2,14.699259996414185
66,277,True,7751,4.2,7.6350367069244385
68,299,True,2831,4.4,3.5662996768951416
70,308,True,5081,4.4,7.028671503067017
72,316,False,13741,4.4,19.90056610107422
74,325,True,192,4.4,0.24937915802001953
71,312,False,8987,4.4,13.630697011947632
68,299,False,7452,4.4,11.017714738845825
70,308,False,9409,4.4,13.132041692733765
72,316,False,11795,4.4,17.715267419815063
74,325,False,18794,4.4,29.653053045272827
76,334,True,2699,4.4,4.614959478378296
73,321,False,16434,4.4,24.167357444763184
75,330,False,15433,4.4,23.3811457157135
72,316,True,2506,4.4,3.4088473320007324
74,325,False,18622,4.4,29.449935913085938
66,290,False,9089,4.4,15.232377529144287
68,299,False,4759,4.4,10.250123023986816
70,308,True,1027,4.4,2.4828081130981445
72,316,True,5536,4.4,12.117941856384277
74,325,True,716,4.4,2.1025331020355225
71,312,True,207,4.4,9.754224061965942
58,255,False,10311,4.4,22.59654664993286
60,264,False,6865,4.4,19.816291093826294
62,272,False,10724,4.4,27.475862503051758
64,281,False,3088,4.4,9.381784200668335
66,290,False,7392,4.4,19.984437227249146
63,277,False,10247,4.4,26.822144031524658
65,286,True,6415,4.4,17.187026023864746
67,294,True,9946,4.4,24.199190616607666
69,303,False,7191,4.4,17.249254941940308
66,290,True,3540,4.4,9.699471473693848
68,299,False,3940,4.4,11.767488956451416
70,308,True,8993,4.4,21.988940238952637
67,294,False,9713,4.4,23.83308219909668
69,303,True,3182,4.4,7.417711019515991
66,290,False,4538,4.4,11.969707012176514
68,299,True,11283,4.4,25.96575665473938
65,286,False,12024,4.4,24.566685676574707
62,272,False,8785,4.4,21.533446073532104
64,281,False,9078,4.4,23.54961085319519
66,290,True,4197,4.4,11.050532341003418
63,277,False,5734,4.4,28.26966118812561
60,264,True,417,4.4,0.8675737380981445
62,272,False,8199,4.4,24.66779613494873
64,281,True,2540,4.4,8.653244972229004
66,290,True,5233,4.4,15.905104160308838
63,277,True,6562,4.4,21.103290557861328
65,286,False,5963,4.4,19.091382026672363
67,294,True,2236,4.4,7.451704502105713
64,281,True,3841,4.4,10.877753734588623
66,290,True,715,4.4,1.9976561069488525
68,299,True,7918,4.4,22.533311367034912
70,308,False,8731,4.4,23.467660665512085
72,316,False,4013,4.4,10.516886711120605
69,303,True,7183,4.4,18.931886911392212
71,312,True,4476,4.4,11.898964405059814
68,299,False,4035,4.4,12.62944483757019
65,286,True,341,4.4,0.6470298767089844
62,272,False,7871,4.4,17.846139430999756
64,281,False,2304,4.4,5.983443737030029
66,290,True,4839,4.4,11.732840299606323
63,277,False,8496,4.4,19.51720356941223
65,286,False,6540,4.4,14.449978590011597
67,294,True,8158,4.4,16.73281216621399
69,303,True,7524,4.4,17.878950357437134
66,290,False,6650,4.4,16.699890851974487
68,299,True,4951,4.4,11.756758451461792
70,308,True,281,4.4,1.017784833908081
72,316,True,1200,4.4,3.4564735889434814
74,325,True,9367,4.4,24.73329997062683
66,290,False,4339,4.4,10.168609857559204
63,277,False,6954,4.4,17.732505083084106
65,299,False,4923,4.6,13.533030033111572
67,308,False,4540,4.6,21.098285913467407
64,294,False,5417,4.6,19.633143663406372
61,280,False,7509,4.6,26.0552339553833
63,289,False,5498,4.6,14.280832767486572
65,299,False,6038,4.6,14.664694547653198
62,285,False,8259,4.6,19.58294367790222
64,294,False,6098,4.6,15.499404191970825
61,280,False,5210,4.6,15.874491453170776
63,289,True,934,4.6,6.9037041664123535
60,276,False,7451,4.6,17.242103099822998
62,285,False,4056,4.6,10.586539030075073
64,294,False,7895,4.6,18.821517944335938
66,303,False,4189,4.6,11.676911354064941
68,312,False,1804,4.6,7.3179030418396
65,299,False,4618,4.6,12.334618091583252
67,308,False,8832,4.6,26.964496850967407
69,317,True,1663,4.6,3.6874642372131348
71,326,True,11506,4.6,28.63107442855835
63,289,False,10578,4.6,25.12314486503601
60,276,False,3241,4.6,7.488540887832642
62,285,False,8671,4.6,21.122061252593994
64,294,False,6399,4.6,17.060746908187866
61,280,False,4518,4.6,10.564051389694214
58,266,False,1463,4.6,3.5511317253112793
60,276,False,2458,4.6,6.961694002151489
62,285,False,5331,4.6,15.4433274269104
64,294,False,10196,4.6,28.038841009140015
66,303,False,5993,4.6,28.623358726501465
63,289,False,6634,4.6,21.30481195449829
65,299,False,5917,4.6,16.6413996219635
67,308,False,1397,4.6,4.190096139907837
69,317,False,8093,4.6,22.950392484664917
71,326,True,4860,4.6,12.928041696548462
68,312,True,8191,4.6,25.376585960388184
65,299,False,10714,4.6,29.022706508636475
67,308,False,4894,4.6,16.926992893218994
69,317,False,9542,4.6,29.500096321105957
66,303,False,6115,4.6,16.6009361743927
68,312,False,5428,4.6,14.883474588394165
65,299,False,1917,4.6,7.541053056716919
67,308,False,4423,4.6,13.571314573287964
69,317,True,507,4.6,1.2253117561340332
71,326,False,5855,4.6,18.83357810974121
68,312,True,4610,4.6,16.436793327331543
65,299,True,1526,4.6,6.197788715362549
67,308,False,9951,4.6,28.63312530517578
64,294,False,5001,4.6,12.149686813354492
66,303,False,6134,4.6,18.56577467918396
68,312,False,8131,4.6,19.59053325653076
65,299,False,9534,4.6,25.390119552612305
67,308,False,1907,4.6,5.907768964767456
64,294,False,5452,4.6,15.582752227783203
66,303,False,6243,4.6,18.883232355117798
63,289,False,3193,4.6,8.439257860183716
65,299,True,2056,4.6,6.972623586654663
62,285,True,4068,4.6,10.192988157272339
64,294,False,2923,4.6,7.199790954589844
66,303,True,208,4.6,0.6332623958587646
68,312,False,8656,4.6,27.08440613746643
65,299,False,5774,4.6,16.882944345474243
62,285,False,5035,4.6,13.049325704574585
64,294,False,3582,4.6,9.483482837677002
66,303,False,6542,4.6,21.93352723121643
63,289,True,2722,4.6,17.10459613800049
60,276,False,4038,4.6,9.56632137298584
62,285,False,3663,4.6,9.326014995574951
64,294,False,8042,4.6,27.275239944458008
66,303,False,5603,4.6,18.03913140296936
68,312,False,4131,4.6,20.512591123580933
70,322,False,8052,4.6,28.470415592193604
72,331,True,4311,4.6,12.893533706665039
69,331,False,2743,4.8,15.365921974182129
61,292,False,2364,4.8,12.349097967147827
63,302,False,6402,4.8,22.366706132888794
65,312,False,5128,4.8,15.80057954788208
67,321,False,5092,4.8,13.91856598854065
69,331,False,4299,4.8,12.749719381332397
71,340,False,6363,4.8,21.117459774017334
73,350,False,7912,4.8,23.73340344429016
70,336,False,9040,4.8,25.71617031097412
72,345,False,9613,4.8,27.249663591384888
64,307,False,4461,4.8,24.411966800689697
56,268,False,2907,4.8,23.544144868850708
58,278,True,539,4.8,6.444518804550171
60,288,False,3632,4.8,14.858972311019897
62,297,False,3832,4.8,15.921921968460083
64,307,False,2825,4.8,10.928002834320068
66,316,False,3033,4.8,12.799704313278198
68,326,False,5049,4.8,17.8999125957489
70,336,False,7992,4.8,28.928158044815063
72,345,False,7580,4.8,24.28335690498352
64,307,False,8049,4.8,17.749382495880127
66,316,False,4751,4.8,6.962056398391724
68,326,False,6807,4.8,10.422251462936401
70,336,False,18759,4.8,29.3757107257843
72,345,False,7912,4.8,13.183529615402222
74,355,False,9144,4.8,15.267370700836182
76,364,False,9790,4.8,16.404479026794434
78,374,False,11585,4.8,19.562053680419922
80,384,False,10081,4.8,18.96638584136963
72,345,False,10624,4.8,16.88070511817932
74,355,False,18578,4.8,29.663926362991333
76,364,False,11779,4.8,20.881922721862793
78,374,False,14254,4.8,26.01326322555542
70,336,False,3864,4.8,6.7162604331970215
72,345,False,3818,4.8,6.652191877365112
74,355,False,7407,4.8,12.135771751403809
76,364,False,7124,4.8,13.309573411941528
78,374,False,10673,4.8,19.02718496322632
80,384,True,3533,4.8,6.000044345855713
82,393,False,13400,4.8,23.916489601135254
79,379,False,8930,4.8,17.3987717628479
81,388,False,9673,4.8,19.06679105758667
78,374,False,13830,4.8,24.91782259941101
75,360,False,6249,4.8,11.68110966682434
77,369,False,16185,4.8,28.036946773529053
79,379,False,14730,4.8,26.62231469154358
81,388,True,13174,4.8,23.789422035217285
78,374,False,10151,4.8,18.644620895385742
80,384,True,11430,4.8,19.180489778518677
77,369,False,11190,4.8,19.711778163909912
74,355,False,16744,4.8,27.263436317443848
76,364,True,19088,4.8,29.61378264427185
73,350,False,18898,4.8,28.617090225219727
75,360,False,14785,4.8,25.609756469726562
72,345,False,4325,4.8,7.1790454387664795
74,355,False,10191,4.8,17.654924392700195
76,364,False,15696,4.8,26.613911390304565
78,374,False,14868,4.8,27.35361385345459
75,360,False,6619,4.8,11.794825077056885
72,345,False,5720,4.8,9.413200616836548
74,355,False,15703,4.8,23.68560290336609
66,316,False,7202,4.8,10.260930299758911
68,326,False,4308,4.8,7.046298265457153
70,336,False,4559,4.8,7.532060623168945
72,345,True,12210,4.8,19.380106687545776
69,331,False,8744,4.8,13.16709566116333
71,340,False,3598,4.8,6.0080406665802
73,350,False,17919,4.8,29.25741958618164
70,336,False,4488,4.8,7.202930688858032
72,345,False,17077,4.8,23.34821367263794
69,331,False,5694,4.8,9.07142424583435
71,340,True,299,4.8,0.26441121101379395
73,365,False,4118,5.0,7.787846803665161
75,375,False,6679,5.0,13.317333459854126
72,360,False,7254,5.0,13.500760555267334
74,370,False,12435,5.0,22.550519943237305
76,380,False,9665,5.0,19.717329025268555
73,365,False,11477,5.0,23.022836208343506
75,375,False,10971,5.0,20.92442750930786
77,385,False,15196,5.0,29.296351432800293
79,395,False,11824,5.0,24.00050139427185
71,355,False,10032,5.0,18.522523641586304
73,365,False,5218,5.0,9.835317373275757
70,350,False,13549,5.0,22.170379161834717
72,360,False,8996,5.0,15.90528130531311
74,370,False,11594,5.0,20.50008511543274
76,380,False,6311,5.0,12.367038011550903
78,390,False,8206,5.0,16.24805188179016
75,375,False,6969,5.0,14.803291320800781
72,360,False,9490,5.0,16.618310928344727
74,370,False,4545,5.0,9.54520869255066
76,380,False,9145,5.0,18.600122451782227
73,365,False,8868,5.0,17.054213285446167
75,375,False,9644,5.0,17.899945974349976
77,385,False,8480,5.0,17.283159971237183
74,370,False,10026,5.0,18.533644437789917
76,380,False,11409,5.0,21.98345971107483
73,365,False,7468,5.0,14.220312356948853
75,375,False,13292,5.0,25.386273860931396
77,385,False,9823,5.0,20.94808530807495
69,345,False,3471,5.0,6.71636176109314
71,355,False,7742,5.0,13.991342067718506
68,340,False,5448,5.0,9.532683372497559
70,350,False,12265,5.0,20.52982521057129
72,360,False,8392,5.0,14.883172035217285
74,370,False,11675,5.0,22.854523420333862
71,355,False,5234,5.0,9.916612148284912
73,365,False,4530,5.0,8.549407958984375
75,375,False,5204,5.0,10.66418170928955
77,385,False,5629,5.0,11.987090826034546
79,395,False,10029,5.0,21.386718034744263
81,405,False,12527,5.0,28.267014026641846
78,390,False,13605,5.0,28.101661682128906
80,400,False,8204,5.0,17.38320541381836
72,360,False,4811,5.0,9.297211408615112
74,370,False,8820,5.0,17.321784019470215
76,380,False,5809,5.0,12.483585357666016
73,365,False,5760,5.0,11.381474733352661
75,375,False,5047,5.0,10.156797885894775
77,385,False,14526,5.0,29.383605003356934
79,395,False,7058,5.0,16.48356819152832
76,380,False,9285,5.0,18.717414617538452
78,390,False,8469,5.0,18.348734617233276
80,400,False,7338,5.0,16.400300979614258
72,360,False,13227,5.0,23.31283950805664
74,370,False,9394,5.0,18.575121641159058
76,380,False,12755,5.0,25.30008625984192
78,390,False,14497,5.0,28.580201864242554
75,375,False,6573,5.0,12.898016214370728
72,360,False,14812,5.0,25.875741481781006
74,370,False,5759,5.0,11.268892526626587
76,380,False,11911,5.0,24.545340061187744
73,365,False,5453,5.0,10.133455276489258
70,350,False,5519,5.0,10.367166519165039
72,360,False,6291,5.0,12.68356442451477
74,370,False,10385,5.0,20.31907081604004
71,355,False,3473,5.0,6.617182970046997
73,365,False,7407,5.0,13.587291240692139
70,350,False,5565,5.0,10.265465259552002
72,360,False,6592,5.0,13.271690130233765
74,370,False,9056,5.0,16.566540956497192
76,380,False,10854,5.0,22.69897437095642
78,390,False,9623,5.0,17.816390991210938
80,400,False,9623,5.0,20.202708959579468
77,400,False,6487,5.2,14.613667726516724
79,410,False,9785,5.2,21.28369164466858
76,395,False,7879,5.2,16.499860763549805
78,405,False,10062,5.2,21.64673686027527
80,416,False,12975,5.2,29.53382921218872
82,426,False,7693,5.2,17.85022521018982
79,410,False,9853,5.2,21.999393224716187
76,395,False,7920,5.2,17.691426038742065
78,405,False,7935,5.2,16.799588918685913
75,390,False,9665,5.2,18.583482027053833
77,400,False,4949,5.2,11.147447109222412
79,410,False,10015,5.2,23.6729519367218
81,421,False,11883,5.2,26.896465063095093
78,405,False,12829,5.2,27.197102546691895
80,416,False,13815,5.2,28.43337655067444
77,400,False,10424,5.2,21.900304555892944
74,384,False,7952,5.2,16.533071041107178
76,395,False,10644,5.2,23.41711950302124
78,405,False,4561,5.2,9.615966081619263
80,416,False,12277,5.2,27.23283886909485
82,426,False,8486,5.2,19.9537034034729
79,410,False,9152,5.2,20.30002737045288
81,421,False,10695,5.2,25.733680963516235
78,405,False,9617,5.2,21.266875982284546
80,416,False,13171,5.2,26.816630363464355
77,400,False,11277,5.2,24.950775384902954
79,410,False,5463,5.2,11.78942608833313
81,421,False,7961,5.2,19.367385387420654
83,431,False,10806,5.2,26.029215574264526
75,390,False,6383,5.2,13.40021276473999
77,400,False,7130,5.2,15.364099025726318
74,384,False,13263,5.2,26.366936445236206
76,395,False,11951,5.2,25.07062530517578
73,379,False,9122,5.2,17.74395442008972
75,390,False,5321,5.2,10.96685242652893
72,374,False,11364,5.2,21.59653353691101
74,384,False,9627,5.2,19.21330714225769
76,395,False,4661,5.2,9.949917554855347
73,379,False,5211,5.2,10.401971817016602
70,364,False,6008,5.2,12.0479416847229
72,374,False,3043,5.2,6.283297777175903
74,384,False,6283,5.2,12.90534520149231
76,395,False,6887,5.2,14.638345003128052
78,405,False,8097,5.2,17.82007884979248
80,416,False,10475,5.2,23.565405130386353
77,400,False,7244,5.2,15.36670446395874
79,410,False,9357,5.2,21.117100954055786
81,421,False,5325,5.2,11.829516649246216
73,379,False,4166,5.2,9.106821060180664
75,390,False,11935,5.2,24.450180053710938
77,400,False,12288,5.2,24.886718034744263
79,410,False,9767,5.2,20.82520580291748
81,421,False,11235,5.2,27.233214855194092
78,405,False,8714,5.2,18.333439588546753
80,416,False,12195,5.2,27.232913494110107
77,400,False,8209,5.2,17.972692489624023
74,384,False,7405,5.2,15.271440267562866
76,395,False,7611,5.2,16.51117444038391
78,405,False,9041,5.2,20.633599281311035
80,416,False,6989,5.2,16.30094814300537
77,400,False,7377,5.2,16.68478488922119
79,410,False,10021,5.2,21.6998450756073
81,421,False,9674,5.2,22.03229832649231
78,405,False,6899,5.2,14.335794448852539
80,416,False,9174,5.2,21.063079118728638
72,374,False,4589,5.2,9.533010959625244
74,384,False,5194,5.2,10.381309509277344
76,395,False,9150,5.2,19.333332538604736
73,379,False,9957,5.2,20.330071210861206
75,390,False,9498,5.2,18.370651960372925
77,400,False,6855,5.2,14.549863576889038
79,410,False,10514,5.2,23.32326912879944
81,437,False,4449,5.4,10.351184606552124
83,448,False,6127,5.4,15.628189325332642
80,432,False,6859,5.4,16.29464840888977
82,442,False,5487,5.4,14.599050283432007
84,453,False,7241,5.4,18.297946214675903
86,464,False,10955,5.4,27.58313298225403
83,448,False,4598,5.4,11.928264856338501
80,432,False,6289,5.4,14.065223932266235
77,415,False,10305,5.4,22.68696355819702
74,399,False,8677,5.4,17.651530742645264
76,410,False,12229,5.4,26.466641664505005
73,394,False,7710,5.4,16.92513370513916
75,405,False,2854,5.4,6.639628887176514
77,415,False,6399,5.4,14.464752435684204
79,426,False,9034,5.4,22.082497119903564
81,437,False,7306,5.4,17.416833877563477
78,421,False,8646,5.4,19.88048219680786
80,432,False,11103,5.4,26.5510733127594
82,442,False,11562,5.4,29.977209329605103
74,399,False,7438,5.4,16.443835735321045
76,410,False,12455,5.4,29.050098180770874
78,421,False,5059,5.4,12.397842645645142
80,432,False,4566,5.4,10.966578006744385
82,442,False,10788,5.4,25.883211374282837
79,426,False,7265,5.4,17.95361614227295
81,437,False,7455,5.4,18.73360824584961
83,448,False,5167,5.4,13.629313707351685
80,432,False,4898,5.4,12.151718378067017
77,415,False,5918,5.4,13.71254277229309
79,426,False,4571,5.4,10.983345031738281
81,437,False,7620,5.4,18.000372886657715
78,421,False,8078,5.4,19.799870014190674
80,432,False,3899,5.4,10.281662702560425
82,442,False,10131,5.4,25.41696834564209
84,453,False,11640,5.4,29.71717596054077
76,410,False,8991,5.4,19.55016565322876
78,421,False,12056,5.4,27.720060110092163
80,432,False,3205,5.4,7.81633186340332
77,415,False,12877,5.4,27.200199842453003
79,426,False,11481,5.4,29.014315843582153
81,437,False,11959,5.4,25.761196613311768
78,421,False,7796,5.4,17.24219250679016
80,432,False,4722,5.4,11.30495810508728
82,442,False,4246,5.4,10.463849306106567
84,453,False,4915,5.4,11.39766550064087
86,464,False,7561,5.4,20.101370811462402
83,448,False,11086,5.4,27.098949670791626
85,459,False,9128,5.4,22.71611261367798
82,442,False,10939,5.4,25.55058765411377
84,453,False,7241,5.4,18.236624717712402
86,464,False,6612,5.4,16.732674598693848
83,448,False,4282,5.4,10.020719289779663
80,432,False,13167,5.4,27.754427671432495
82,442,False,9826,5.4,23.79741096496582
79,426,False,6476,5.4,14.725746154785156
76,410,False,10411,5.4,20.31883692741394
78,421,False,10663,5.4,23.401804447174072
80,432,False,2372,5.4,5.468377590179443
82,442,False,6847,5.4,16.39268708229065
79,426,False,6858,5.4,16.316190242767334
81,437,False,6872,5.4,16.469621658325195
78,421,False,7431,5.4,16.232126712799072
80,432,False,7874,5.4,17.92176914215088
82,442,False,6367,5.4,15.11427617073059
74,399,False,6174,5.4,12.116243839263916
76,410,False,10346,5.4,20.60270380973816
78,421,False,9174,5.4,19.443426370620728
80,432,False,8484,5.4,19.123512506484985
82,442,False,9241,5.4,21.427773237228394
79,426,False,8675,5.4,18.927733421325684
81,437,False,10348,5.4,22.98388147354126
83,448,False,9974,5.4,23.350637674331665
80,448,False,9160,5.6,23.94707465171814
82,459,False,8383,5.6,20.835758924484253
84,470,False,4935,5.6,13.74750828742981
81,453,False,6702,5.6,17.31766390800476
83,464,False,3550,5.6,10.113315105438232
80,448,False,9992,5.6,25.449727535247803
82,459,False,10856,5.6,27.4542715549469
84,470,False,7177,5.6,19.750252962112427
86,481,False,10201,5.6,27.18891477584839
83,464,False,7586,5.6,21.682894706726074
80,448,False,7749,5.6,19.4974422454834
82,459,False,10006,5.6,25.483379364013672
79,442,False,7721,5.6,18.88310170173645
81,453,False,8869,5.6,24.29704475402832
78,436,False,3815,5.6,9.599937438964844
80,448,False,5220,5.6,14.19995641708374
77,431,False,7244,5.6,17.793513298034668
79,442,False,9679,5.6,25.024412393569946
76,425,False,7490,5.6,17.383488655090332
78,436,False,3725,5.6,9.73070740699768
80,448,False,10248,5.6,25.74107789993286
82,459,False,10218,5.6,26.937367916107178
74,414,False,3634,5.6,8.932816982269287
76,425,False,4932,5.6,12.050095558166504
78,436,False,7591,5.6,19.663183450698853
80,448,False,7338,5.6,21.076746463775635
82,459,False,5161,5.6,17.640994548797607
84,470,False,5665,5.6,24.963476419448853
76,425,False,7116,5.6,16.986987352371216
78,436,False,7354,5.6,18.58609414100647
80,448,False,4229,5.6,11.234618425369263
82,459,False,3709,5.6,10.516815423965454
84,470,False,7385,5.6,20.380883932113647
86,481,False,5055,5.6,14.366570949554443
88,492,False,7656,5.6,22.383426189422607
85,475,False,8490,5.6,23.28006148338318
82,459,False,6628,5.6,17.5352885723114
79,442,False,10517,5.6,26.615203857421875
81,453,False,11306,5.6,29.200390100479126
83,464,False,5678,5.6,16.018806219100952
85,475,False,8826,5.6,23.79038095474243
87,487,False,6747,5.6,19.249934911727905
74,414,False,3391,5.6,7.670482873916626
76,425,False,3402,5.6,8.093359231948853
78,436,False,5664,5.6,14.450104236602783
80,448,False,9311,5.6,23.216862678527832
82,459,False,5975,5.6,15.31703233718872
79,442,False,11866,5.6,28.53261923789978
76,425,False,3192,5.6,8.000088214874268
78,436,False,4864,5.6,11.983289957046509
75,420,False,5942,5.6,13.998333215713501
77,431,False,5866,5.6,14.266996622085571
79,442,False,9554,5.6,24.349217176437378
76,425,False,4767,5.6,12.470666646957397
78,436,False,8045,5.6,19.397165060043335
80,448,False,10759,5.6,28.433475017547607
82,459,False,9698,5.6,24.216220140457153
79,442,False,9444,5.6,21.96984624862671
81,453,False,10484,5.6,26.63335108757019
83,464,False,7686,5.6,20.14528727531433
80,448,False,4190,5.6,11.832946538925171
82,459,False,9392,5.6,25.049214601516724
84,470,False,8894,5.6,24.599854946136475
86,481,False,9988,5.6,25.78353786468506
83,464,False,4617,5.6,13.687529563903809
85,475,False,10185,5.6,28.81887674331665
87,487,False,10663,5.6,29.350282192230225
79,442,False,8448,5.6,21.71208930015564
81,453,False,4987,5.6,12.933680057525635
83,464,False,10845,5.6,29.21790885925293
85,475,False,7320,5.6,20.80012607574463
87,487,False,8991,5.6,25.699247121810913
84,487,False,6435,5.800000000000001,18.40217900276184
81,469,False,7397,5.800000000000001,20.13216781616211
83,481,False,8355,5.800000000000001,22.533881187438965
80,464,False,4402,5.800000000000001,12.400474786758423
82,475,False,6485,5.800000000000001,18.177459716796875
84,487,False,1270,5.800000000000001,4.081910610198975
81,469,False,8928,5.800000000000001,24.6038019657135
83,481,False,7621,5.800000000000001,22.466921091079712
85,493,False,7133,5.800000000000001,20.41658353805542
87,504,False,9217,5.800000000000001,27.151775360107422
89,516,False,8013,5.800000000000001,24.783316373825073
81,469,False,3880,5.800000000000001,10.930591106414795
78,452,False,3260,5.800000000000001,8.647914409637451
80,464,False,4817,5.800000000000001,13.531687021255493
82,475,False,9865,5.800000000000001,26.000645875930786
84,487,False,6239,5.800000000000001,17.80391502380371
86,498,False,7590,5.800000000000001,23.363410472869873
83,481,False,6224,5.800000000000001,18.68355369567871
85,493,False,9257,5.800000000000001,25.718692302703857
87,504,False,8291,5.800000000000001,23.91496181488037
84,487,False,3751,5.800000000000001,11.083269119262695
81,469,False,6184,5.800000000000001,17.552555561065674
78,452,False,3504,5.800000000000001,9.310887098312378
80,464,False,4386,5.800000000000001,11.883482694625854
82,475,False,9042,5.800000000000001,25.483746767044067
84,487,False,9235,5.800000000000001,26.204152822494507
81,469,False,6944,5.800000000000001,19.917356491088867
83,481,False,7301,5.800000000000001,20.84235692024231
80,464,False,4932,5.800000000000001,13.953739643096924
82,475,False,3510,5.800000000000001,9.916744947433472
84,487,False,6137,5.800000000000001,17.331111192703247
81,469,False,3731,5.800000000000001,10.446906566619873
83,481,False,9279,5.800000000000001,25.753390312194824
85,493,False,9366,5.800000000000001,27.93388056755066
87,504,False,8003,5.800000000000001,23.76665186882019
79,458,False,3368,5.800000000000001,9.308288097381592
81,469,False,6784,5.800000000000001,18.500170469284058
83,481,False,7224,5.800000000000001,20.51528787612915
85,493,False,9078,5.800000000000001,26.153855323791504
82,475,False,1828,5.800000000000001,5.249734163284302
84,487,False,9611,5.800000000000001,27.60033082962036
81,469,False,8912,5.800000000000001,23.648338317871094
83,481,False,6987,5.800000000000001,21.253749132156372
80,464,False,8504,5.800000000000001,22.925605297088623
82,475,False,7517,5.800000000000001,20.218894004821777
84,487,False,10007,5.800000000000001,28.920717239379883
86,498,False,9164,5.800000000000001,27.33505344390869
83,481,False,4694,5.800000000000001,13.268080949783325
85,493,False,6278,5.800000000000001,18.032569408416748
87,504,False,5034,5.800000000000001,15.870542526245117
89,516,False,5786,5.800000000000001,18.199185609817505
86,498,False,5275,5.800000000000001,17.664414882659912
83,481,False,6482,5.800000000000001,17.63312029838562
85,493,False,10107,5.800000000000001,26.366480827331543
87,504,False,5355,5.800000000000001,15.132738828659058
89,516,False,9870,5.800000000000001,29.156262636184692
86,498,False,8498,5.800000000000001,24.3776593208313
78,452,False,4264,5.800000000000001,10.315940856933594
80,464,False,4423,5.800000000000001,12.54805874824524
82,475,False,3944,5.800000000000001,14.5348539352417
84,487,False,5979,5.800000000000001,19.000983953475952
81,469,False,6113,5.800000000000001,28.3091299533844
78,452,False,2453,5.800000000000001,9.58421277999878
80,464,False,2880,5.800000000000001,12.841982364654541
82,475,False,6489,5.800000000000001,27.21588158607483
74,429,False,4375,5.800000000000001,15.96004867553711
76,440,False,8071,5.800000000000001,29.023455381393433
73,423,False,5823,5.800000000000001,22.764098167419434
75,435,False,2335,5.800000000000001,9.403180837631226
77,446,False,5024,5.800000000000001,20.650927782058716
74,444,False,5256,6.0,25.89334535598755
76,456,False,3398,6.0,17.231131553649902
78,468,False,4470,6.0,22.04720139503479
80,480,False,5056,6.0,27.9902446269989
82,492,False,3217,6.0,19.860743761062622
74,444,False,6034,6.0,28.594045162200928
76,456,False,3352,6.0,16.970754623413086
78,468,False,4352,6.0,23.18300485610962
80,480,False,3120,6.0,24.200580596923828
82,492,False,2734,6.0,15.96571135520935
84,504,False,2435,6.0,15.533391237258911
71,426,False,2073,6.0,8.872063398361206
73,438,False,2559,6.0,12.717311143875122
75,450,False,3843,6.0,23.890970706939697
77,462,False,5143,6.0,22.776840925216675
79,474,False,3259,6.0,9.567015409469604
81,486,False,3796,6.0,10.833869934082031
83,498,False,9532,6.0,28.56597399711609
85,510,False,9589,6.0,27.45991277694702
87,522,False,8246,6.0,24.164472579956055
84,504,False,5767,6.0,16.17043375968933
81,486,False,5914,6.0,17.15419054031372
83,498,False,5092,6.0,14.201420068740845
85,510,False,5524,6.0,16.361584663391113
87,522,False,7341,6.0,21.664013624191284
89,534,False,6543,6.0,20.140011310577393
91,546,False,9241,6.0,28.23070526123047
93,558,False,5153,6.0,16.50695538520813
85,510,False,8096,6.0,23.367076873779297
82,492,False,6449,6.0,17.013545513153076
84,504,False,6239,6.0,17.751774549484253
86,516,False,4337,6.0,13.718582153320312
88,528,False,2466,6.0,7.373997926712036
90,540,False,8265,6.0,25.601072549819946
92,552,False,8273,6.0,26.330831050872803
94,564,False,9378,6.0,29.169453620910645
86,516,False,6789,6.0,19.866034269332886
83,498,False,5366,6.0,15.285579442977905
85,510,False,9494,6.0,28.165634632110596
82,492,False,9950,6.0,28.893455982208252
84,504,False,7654,6.0,21.90377187728882
81,486,False,2997,6.0,8.221538782119751
83,498,False,5135,6.0,14.414541244506836
85,510,False,6884,6.0,20.22867774963379
87,522,False,6501,6.0,18.91669726371765
89,534,False,8103,6.0,24.212672233581543
86,516,False,5330,6.0,16.14882206916809
83,498,False,6694,6.0,18.59829068183899
85,510,False,3374,6.0,9.6167573928833
82,492,False,5728,6.0,16.08100724220276
79,474,False,6109,6.0,15.976523399353027
81,486,False,3185,6.0,9.113844633102417
83,498,False,6777,6.0,19.70095419883728
85,510,False,9551,6.0,28.905953884124756
87,522,False,10362,6.0,29.253623723983765
89,534,False,6384,6.0,19.517011404037476
91,546,False,8697,6.0,26.3881778717041
93,558,False,8518,6.0,26.970731019973755
75,450,False,7740,6.0,25.867008924484253
77,462,False,3955,6.0,11.741600275039673
79,474,False,4579,6.0,12.984116792678833
81,486,False,3951,6.0,11.648783683776855
83,498,False,5486,6.0,16.569220781326294
85,510,False,8886,6.0,29.883814334869385
87,522,False,7705,6.0,24.483532905578613
89,534,False,7040,6.0,25.017189979553223
76,456,False,8681,6.0,23.23379921913147
78,468,False,4133,6.0,11.6201491355896
80,480,False,3355,6.0,9.947163105010986
82,492,False,5796,6.0,17.83224081993103
84,504,False,5030,6.0,16.510918617248535
86,516,False,8516,6.0,27.869064807891846
80,240,True,12061,3.0,4.210516691207886
83,249,True,77,3.0,0.04147815704345703
86,258,True,114,3.0,0.04398918151855469
89,267,True,81,3.0,0.06498336791992188
92,276,True,114,3.0,0.044324636459350586
95,285,True,6247,3.0,2.8914427757263184
98,294,True,24624,3.0,10.154635667800903
101,303,True,113,3.0,0.059548377990722656
104,312,True,133,3.0,0.06356382369995117
107,321,True,100,3.0,0.09778547286987305
110,330,True,204,3.0,0.15127253532409668
113,339,True,1240,3.0,0.6328656673431396
116,348,True,36997,3.0,23.722281455993652
119,357,True,110,3.0,0.05783200263977051
122,366,True,2399,3.0,1.5958125591278076
125,375,True,762,3.0,0.500544548034668
128,384,True,9360,3.0,6.768948316574097
131,393,True,180,3.0,0.11416339874267578
134,402,True,2880,3.0,1.5163183212280273
137,411,True,1425,3.0,0.9208745956420898
140,420,True,376,3.0,0.22593927383422852
143,429,True,1453,3.0,0.975818395614624
146,438,True,141,3.0,0.133070707321167
149,447,True,142,3.0,0.09901881217956543
152,456,True,6378,3.0,5.1842100620269775
155,465,True,163,3.0,0.15858030319213867
158,474,True,3104,3.0,2.652285575866699
161,483,True,189,3.0,0.19157171249389648
164,492,True,164,3.0,0.17193102836608887
167,501,True,213,3.0,0.17286086082458496
170,544,True,522,3.2,0.43916869163513184
173,553,True,9361,3.2,6.6312172412872314
169,540,True,7052,3.2,7.656310558319092
172,550,True,21973,3.2,29.037439584732056
168,537,True,7271,3.2,6.313050270080566
171,547,True,21106,3.2,20.829861640930176
167,534,True,228,3.2,0.2071092128753662
170,544,True,538,3.2,0.5731983184814453
173,553,True,1518,3.2,1.498335838317871
176,563,True,208,3.2,0.21920466423034668
179,572,True,12105,3.2,15.312978982925415
182,582,True,1578,3.2,1.7173278331756592
185,592,True,170,3.2,0.256441593170166
188,601,True,418,3.2,0.5434455871582031
191,611,True,8394,3.2,10.744913101196289
194,620,True,11151,3.2,10.290489673614502
197,630,True,182,3.2,0.251446008682251
200,640,True,1038,3.2,1.9088943004608154
196,627,True,361,3.2,0.6143937110900879
185,592,True,5217,3.2,11.182698965072632
188,601,True,175,3.2,0.34315919876098633
191,611,True,7123,3.2,12.275707483291626
187,598,True,8117,3.2,9.65584945678711
176,563,True,13257,3.2,14.621521711349487
179,572,True,193,3.2,0.2146775722503662
182,582,True,6552,3.2,6.667180061340332
185,592,True,176,3.2,0.20170831680297852
188,601,True,6310,3.2,7.260191440582275
170,544,True,18543,3.2,18.263421773910522
173,553,True,214,3.2,0.21561980247497559
155,527,True,38812,3.4,37.2421989440918
151,513,True,5498,3.4,3.8428523540496826
154,523,True,34777,3.4,39.95744252204895
157,533,True,139,3.4,0.15966224670410156
160,544,True,333,3.4,0.41437864303588867
163,554,True,959,3.4,0.8619973659515381
159,540,True,4038,3.4,3.0086262226104736
141,479,True,141,3.4,0.1534273624420166
144,489,True,243,3.4,0.21887493133544922
147,499,True,59519,3.4,43.05823874473572
150,510,True,1622,3.4,1.2112901210784912
153,520,True,11022,3.4,12.363586187362671
149,506,True,938,3.4,0.7250585556030273
152,516,True,3920,3.4,4.470963954925537
155,527,True,149,3.4,0.16026973724365234
158,537,True,7493,3.4,7.0266194343566895
154,523,True,141,3.4,0.15734362602233887
136,462,True,11659,3.4,10.711597442626953
139,472,True,141,3.4,0.1557159423828125
142,482,True,3279,3.4,2.995570182800293
145,493,True,139,3.4,0.13213253021240234
141,479,True,259,3.4,0.21281647682189941
144,489,True,227,3.4,0.2106935977935791
147,499,True,20175,3.4,19.528645753860474
143,486,True,5105,3.4,4.381413221359253
132,448,True,204,3.4,0.1665959358215332
135,459,True,1217,3.4,0.8248648643493652
138,469,True,203,3.4,0.15705490112304688
134,455,True,781,3.4,0.8692638874053955
130,442,True,37524,3.4,33.367966651916504
133,478,True,27364,3.6,23.229715824127197
136,489,True,9026,3.6,7.442836284637451
139,500,True,9331,3.6,8.99128794670105
135,486,True,40632,3.6,44.07775115966797
138,496,True,20488,3.6,20.426099061965942
134,482,True,32001,3.6,28.77198886871338
137,493,True,2066,3.6,1.9053575992584229
140,504,True,30986,3.6,34.22838068008423
143,514,True,9745,3.6,10.71665620803833
139,500,True,12253,3.6,14.991336107254028
128,460,True,23966,3.6,22.01029062271118
124,446,True,230,3.6,0.17918872833251953
120,432,True,4063,3.6,3.1996428966522217
116,417,True,163,3.6,0.09998512268066406
112,403,True,10194,3.6,9.397984981536865
115,414,True,7005,3.6,6.1284894943237305
118,424,True,433,3.6,0.323103666305542
121,435,True,21250,3.6,16.82040524482727
124,446,True,19721,3.6,21.050235271453857
113,406,True,22159,3.6,17.127931118011475
116,417,True,10896,3.6,8.794803380966187
119,428,True,2935,3.6,2.1378276348114014
122,439,True,937,3.6,0.8724381923675537
125,450,True,37997,3.6,31.585103750228882
121,435,True,2723,3.6,2.427277088165283
124,446,True,424,3.6,0.352769136428833
120,432,True,25099,3.6,25.765328407287598
123,442,True,571,3.6,0.5625269412994385
126,453,True,11845,3.6,10.527083396911621
129,464,True,5169,3.6,4.309746503829956
111,421,True,2498,3.8,1.9212546348571777
107,406,True,1608,3.8,1.4689385890960693
110,418,True,256,3.8,0.21523618698120117
113,429,True,2174,3.8,2.313819408416748
95,361,True,9802,3.8,6.314204216003418
91,345,True,24995,3.8,17.263757467269897
94,357,True,31168,3.8,24.763763189315796
97,368,True,54686,3.8,41.6181914806366
93,353,True,373,3.8,0.22900700569152832
96,364,True,891,3.8,0.5739634037017822
99,376,True,29326,3.8,21.18173837661743
95,361,True,1325,3.8,0.8550810813903809
98,372,True,3490,3.8,2.394665002822876
101,383,True,1325,3.8,1.0520122051239014
104,395,True,16804,3.8,15.088975429534912
107,406,True,710,3.8,0.5411801338195801
96,364,True,3536,3.8,2.3873372077941895
85,323,True,1589,3.8,1.0060749053955078
88,334,True,1448,3.8,1.2394688129425049
84,319,False,48597,3.8,32.64654612541199
87,330,True,1977,3.8,1.2999217510223389
76,288,True,8604,3.8,5.015230417251587
79,300,True,3813,3.8,2.109462022781372
82,311,True,22537,3.8,14.892810106277466
85,323,True,5298,3.8,3.0465269088745117
81,307,True,1428,3.8,0.7435176372528076
84,319,True,13771,3.8,9.421929121017456
87,330,True,9271,3.8,6.773406267166138
90,342,True,3587,3.8,2.901261329650879
93,353,True,659,3.8,0.4584057331085205
96,384,True,9038,4.0,7.0923545360565186
92,368,True,12900,4.0,11.217268943786621
95,380,True,6342,4.0,5.444749355316162
98,392,True,16946,4.0,11.92641282081604
101,404,True,7855,4.0,6.46854043006897
83,332,True,10891,4.0,8.37050175666809
79,316,True,23575,4.0,16.31609320640564
82,328,True,4194,4.0,2.7461676597595215
85,340,True,3035,4.0,2.0358853340148926
88,352,True,2724,4.0,2.0422744750976562
84,336,True,46405,4.0,32.7122757434845
80,320,True,18374,4.0,10.78153657913208
83,332,True,84,4.0,0.08694195747375488
86,344,True,2177,4.0,1.3093101978302002
89,356,True,46916,4.0,36.46430158615112
92,368,True,46683,4.0,37.45908284187317
88,352,True,34424,4.0,27.082508325576782
91,364,True,27398,4.0,20.68445324897766
87,348,True,2489,4.0,1.837411880493164
83,332,True,7705,4.0,5.542225122451782
79,316,True,2522,4.0,1.3837099075317383
75,300,False,50931,4.0,32.7050302028656
78,312,True,117,4.0,0.05704784393310547
81,324,True,20339,4.0,13.802067756652832
77,308,True,15673,4.0,10.856809377670288
80,320,False,48699,4.0,33.38860321044922
83,332,True,10029,4.0,7.24227237701416
86,344,True,34060,4.0,26.55142307281494
89,356,True,5332,4.0,4.362420320510864
92,368,True,31407,4.0,26.525831699371338
95,399,True,37493,4.2,37.45390439033508
98,411,True,7019,4.2,7.015876531600952
80,336,True,886,4.2,0.5830895900726318
76,319,False,15849,4.2,12.628180027008057
79,331,True,2545,4.2,2.0278055667877197
82,344,True,21039,4.2,15.701251983642578
85,357,True,17031,4.2,15.09671139717102
88,369,True,8229,4.2,7.109186887741089
91,382,True,6534,4.2,5.400061130523682
87,365,False,19379,4.2,18.07098627090454
90,378,True,15217,4.2,14.920369625091553
86,361,True,2075,4.2,1.9011499881744385
89,373,True,32128,4.2,29.60165810585022
92,386,True,15028,4.2,12.87238359451294
88,369,False,33022,4.2,31.747787714004517
84,352,True,19973,4.2,20.596113681793213
80,336,True,37834,4.2,29.09921407699585
76,319,True,27009,4.2,20.90940809249878
79,331,False,20132,4.2,17.896198749542236
75,315,False,37216,4.2,29.738463878631592
71,298,True,9565,4.2,11.576791524887085
74,310,True,2059,4.2,2.4843080043792725
77,323,True,432,4.2,0.37874794006347656
80,336,True,9978,4.2,15.154962301254272
83,348,True,375,4.2,0.6094911098480225
79,331,True,4576,4.2,9.495561838150024
75,315,True,5785,4.2,12.720109701156616
78,327,True,457,4.2,0.5368261337280273
67,281,False,6722,4.2,29.302942991256714
63,264,True,738,4.2,4.122443437576294
66,290,True,2082,4.4,5.08511209487915
69,303,False,9365,4.4,24.421066284179688
72,316,True,955,4.4,1.574375867843628
75,330,True,13326,4.4,28.407498121261597
71,312,False,15674,4.4,41.39926075935364
67,294,False,6912,4.4,18.604149103164673
70,308,True,1940,4.4,4.0875232219696045
73,321,False,15019,4.4,35.119487047195435
69,303,False,10487,4.4,34.747013092041016
72,316,False,28132,4.4,42.20615291595459
68,299,False,13090,4.4,15.625142812728882
71,312,True,12004,4.4,15.168155908584595
74,325,True,17586,4.4,41.93873476982117
77,338,False,19142,4.4,40.74862027168274
73,321,False,7370,4.4,16.577116012573242
76,334,True,3212,4.4,5.416670083999634
79,347,False,16447,4.4,25.850061655044556
75,330,False,31058,4.4,38.700613021850586
71,312,False,12968,4.4,36.8646342754364
74,325,True,26654,4.4,33.20986199378967
77,338,False,9219,4.4,14.72471308708191
73,321,True,19724,4.4,28.869276523590088
69,303,False,5466,4.4,8.994592189788818
72,316,False,22618,4.4,35.692787408828735
75,330,False,17440,4.4,25.8718101978302
78,343,False,26212,4.4,43.065056562423706
74,325,False,23234,4.4,39.168933629989624
77,338,False,16893,4.4,35.54656434059143
73,321,False,12650,4.4,25.253369331359863
69,303,False,5135,4.4,12.31902027130127
72,331,False,1564,4.6,3.7498366832733154
68,312,True,2143,4.6,4.271388292312622
71,326,False,18209,4.6,32.68061828613281
74,340,False,9521,4.6,18.130274534225464
77,354,False,7603,4.6,16.32875919342041
80,368,False,14078,4.6,32.92194056510925
76,349,False,4050,4.6,8.758566856384277
65,299,False,12312,4.6,22.21470332145691
68,312,False,10978,4.6,21.426613807678223
64,294,True,10974,4.6,17.777799367904663
67,308,False,7528,4.6,12.847875118255615
70,322,False,15400,4.6,23.3471839427948
73,335,True,4427,4.6,3.0488901138305664
76,349,False,23859,4.6,20.771973609924316
79,363,False,27804,4.6,25.411240339279175
82,377,True,18574,4.6,17.968689680099487
78,358,False,10293,4.6,8.369977474212646
81,372,False,20470,4.6,17.45561456680298
77,354,False,13943,4.6,11.825032711029053
73,335,False,9477,4.6,8.547483205795288
76,349,False,20185,4.6,17.849400520324707
79,363,False,12974,4.6,13.486305952072144
82,377,False,41378,4.6,40.275004148483276
85,390,False,23087,4.6,25.307210683822632
88,404,False,25315,4.6,28.423306465148926
84,386,False,13442,4.6,15.284269094467163
87,400,True,6727,4.6,7.0861241817474365
83,381,False,31994,4.6,33.297980546951294
79,363,True,16192,4.6,34.82936906814575
82,377,False,20139,4.6,43.31220722198486
78,374,False,11330,4.8,25.040112733840942
74,355,True,9039,4.8,16.845730304718018
70,336,False,7604,4.8,22.237343311309814
73,350,False,10510,4.8,22.315016746520996
76,364,False,9171,4.8,19.320425510406494
72,345,False,3470,4.8,6.703926086425781
75,360,False,5348,4.8,13.164406299591064
78,374,False,5809,4.8,11.901222467422485
74,355,False,10014,4.8,23.13375186920166
77,369,False,11755,4.8,23.990910053253174
80,384,False,8028,4.8,20.076724529266357
83,398,False,16053,4.8,37.18786931037903
79,379,False,16311,4.8,35.161946296691895
75,360,False,12098,4.8,22.716795206069946
78,374,False,10017,4.8,22.679203271865845
74,355,False,3424,4.8,8.494278907775879
77,369,True,7485,4.8,15.175787925720215
80,384,False,14222,4.8,30.670262098312378
83,398,False,15656,4.8,40.370065689086914
72,345,False,16981,4.8,31.864721298217773
68,326,False,5304,4.8,10.232789278030396
71,340,False,7024,4.8,13.973363637924194
74,355,False,8817,4.8,17.246272563934326
70,336,False,9435,4.8,18.728828191757202
73,350,False,9905,4.8,23.064450979232788
76,364,False,6544,4.8,33.13804578781128
72,345,False,5635,4.8,17.757422924041748
75,360,False,7820,4.8,26.28609848022461
78,374,False,5503,4.8,19.682766675949097
81,388,True,8997,4.8,30.939192295074463
77,385,False,12143,5.0,38.09816217422485
73,365,False,10745,5.0,31.92253279685974
76,380,False,5841,5.0,25.276630640029907
72,360,False,10081,5.0,33.030877113342285
75,375,False,12645,5.0,43.256688594818115
78,390,False,11215,5.0,39.01705622673035
67,335,False,8567,5.0,26.46897029876709
70,350,False,4821,5.0,14.501922607421875
73,365,False,5910,5.0,24.258599042892456
76,380,False,7269,5.0,24.427048683166504
72,360,False,3465,5.0,10.562542200088501
68,340,False,7156,5.0,18.706095218658447
71,355,False,5038,5.0,15.342821836471558
74,370,False,11290,5.0,33.61526799201965
70,350,False,4893,5.0,18.44653844833374
73,365,False,12405,5.0,38.215962171554565
76,380,False,11549,5.0,37.45229434967041
79,395,False,7351,5.0,25.06286883354187
75,375,False,6423,5.0,21.030476570129395
78,390,False,2030,5.0,7.511077404022217
74,370,False,6791,5.0,21.03683090209961
77,385,False,7523,5.0,26.58403205871582
73,365,False,12019,5.0,38.647573709487915
76,380,False,11307,5.0,37.52997064590454
72,360,False,5700,5.0,33.24826407432556
75,375,False,19064,5.0,36.74208307266235
78,390,False,8684,5.0,21.79940438270569
81,405,False,16464,5.0,42.02915024757385
84,420,False,21573,5.0,44.48372745513916
87,435,False,20934,5.0,24.73538827896118
90,468,False,26159,5.2,35.278444051742554
86,447,False,7116,5.2,8.631984233856201
89,462,False,15635,5.2,21.463375329971313
85,442,False,23236,5.2,27.62467384338379
88,457,False,12467,5.2,17.138533115386963
91,473,False,11081,5.2,15.390714645385742
87,452,False,13487,5.2,20.759031295776367
83,431,False,12494,5.2,28.80628275871277
86,447,False,14330,5.2,32.83872365951538
82,426,False,7407,5.2,15.263213157653809
78,405,False,6247,5.2,14.187103033065796
81,421,False,12516,5.2,28.880486011505127
84,436,False,15167,5.2,36.282397985458374
87,452,False,5068,5.2,12.013483762741089
83,431,False,11634,5.2,25.786447525024414
79,410,False,6673,5.2,13.252821207046509
82,426,False,17380,5.2,41.27188038825989
78,405,False,5664,5.2,13.157978773117065
81,421,False,15678,5.2,36.18045234680176
84,436,False,14016,5.2,33.718398571014404
80,416,False,14689,5.2,34.11392307281494
83,431,False,13996,5.2,31.757628679275513
79,410,False,9149,5.2,18.572487592697144
82,426,False,7906,5.2,19.522493362426758
78,405,False,7847,5.2,17.865012645721436
81,421,False,6391,5.2,13.910253524780273
84,436,False,14230,5.2,31.06168293952942
87,452,False,9654,5.2,24.44447135925293
76,395,False,11785,5.2,23.60153341293335
79,410,False,9715,5.2,22.6744327545166
82,442,False,3717,5.4,9.627391338348389
85,459,False,14465,5.4,34.58906531333923
88,475,False,4758,5.4,14.097853660583496
91,491,False,16144,5.4,43.76223921775818
87,469,False,11217,5.4,28.43575119972229
83,448,False,8306,5.4,19.759199857711792
86,464,False,5986,5.4,15.725588321685791
82,442,False,7729,5.4,19.698126077651978
85,459,False,8795,5.4,21.893614768981934
88,475,False,9667,5.4,25.651280164718628
84,453,False,7309,5.4,17.090115308761597
87,469,False,10453,5.4,25.55598258972168
90,486,False,11610,5.4,31.157275915145874
86,464,False,16433,5.4,37.644540309906006
82,442,False,7117,5.4,17.063746213912964
85,459,False,11329,5.4,32.68932104110718
81,437,False,6690,5.4,15.329773187637329
84,453,False,7251,5.4,16.868218183517456
87,469,False,11099,5.4,27.395594596862793
83,448,False,11818,5.4,28.28240728378296
79,426,False,8901,5.4,19.468749284744263
82,442,False,4179,5.4,11.217803478240967
85,459,False,11281,5.4,27.34482192993164
88,475,False,10284,5.4,27.393621683120728
84,453,False,8791,5.4,22.896796703338623
87,469,False,10716,5.4,30.32115077972412
90,486,False,8002,5.4,18.678302764892578
93,502,False,11239,5.4,31.55141830444336
96,518,False,10214,5.4,30.21307945251465
85,459,False,12312,5.4,29.94675850868225
88,492,False,12078,5.6,32.34429168701172
84,470,False,12314,5.6,32.91287040710449
87,487,False,14240,5.6,43.0408296585083
83,464,False,7627,5.6,20.205699682235718
86,481,False,5299,5.6,15.9909086227417
89,498,False,14099,5.6,37.89744710922241
92,515,False,12237,5.6,36.98319149017334
88,492,False,8515,5.6,23.417386770248413
84,470,False,7931,5.6,21.74980401992798
87,487,False,16367,5.6,43.28222703933716
83,464,False,3754,5.6,9.681338548660278
79,442,False,8726,5.6,21.26257872581482
82,459,False,7139,5.6,20.349682331085205
85,475,False,8111,5.6,20.13178586959839
88,492,False,8341,5.6,22.420330286026
84,470,False,9131,5.6,23.877317667007446
87,487,False,5004,5.6,15.518186569213867
90,503,False,5571,5.6,15.78428339958191
93,520,False,10296,5.6,31.932480096817017
96,537,False,10653,5.6,32.85382580757141
85,475,False,6544,5.6,16.137868642807007
88,492,False,13846,5.6,38.73000240325928
91,509,False,10959,5.6,32.07937741279602
87,487,False,12711,5.6,33.164308071136475
90,503,False,12401,5.6,33.13525605201721
79,442,False,10809,5.6,26.174312829971313
82,459,False,5108,5.6,13.288277626037598
85,475,False,13705,5.6,35.951249837875366
88,492,False,13936,5.6,36.09839463233948
84,470,False,7316,5.6,20.413490295410156
87,504,False,14094,5.800000000000001,42.79646062850952
90,522,False,3666,5.800000000000001,11.450098037719727
93,539,False,11610,5.800000000000001,37.16926646232605
96,556,False,7343,5.800000000000001,23.474460124969482
92,533,False,8692,5.800000000000001,25.729811429977417
95,551,False,7260,5.800000000000001,25.325281858444214
98,568,False,10151,5.800000000000001,32.82055401802063
87,504,False,14138,5.800000000000001,39.786269426345825
90,522,False,10341,5.800000000000001,29.62579870223999
93,539,False,14438,5.800000000000001,43.59147357940674
96,556,False,13854,5.800000000000001,43.74714398384094
92,533,False,7732,5.800000000000001,27.82901620864868
95,551,False,9203,5.800000000000001,28.880066394805908
91,527,False,10104,5.800000000000001,29.62139654159546
94,545,False,13288,5.800000000000001,42.12418079376221
90,522,False,10252,5.800000000000001,30.42098116874695
93,539,False,9593,5.800000000000001,31.08305788040161
96,556,False,5587,5.800000000000001,17.89785623550415
92,533,False,5291,5.800000000000001,15.992254734039307
95,551,False,11499,5.800000000000001,36.098999977111816
98,568,False,12497,5.800000000000001,39.43782711029053
94,545,False,10473,5.800000000000001,33.60527753829956
97,562,False,5359,5.800000000000001,17.156020164489746
86,498,False,5668,5.800000000000001,15.46209454536438
89,516,False,7550,5.800000000000001,21.905194997787476
85,493,False,7579,5.800000000000001,20.336514711380005
88,510,False,9376,5.800000000000001,29.061137914657593
91,527,False,5177,5.800000000000001,16.07105541229248
94,545,False,10103,5.800000000000001,32.36755609512329
97,562,False,8412,5.800000000000001,26.844421863555908
93,558,False,9317,6.0,30.414042472839355
89,534,False,9948,6.0,30.241589784622192
92,552,False,7229,6.0,23.567620038986206
88,528,False,5905,6.0,18.605273246765137
91,546,False,12613,6.0,37.503846883773804
94,564,False,5338,6.0,18.231081247329712
97,582,False,9954,6.0,34.60344314575195
100,600,False,9871,6.0,35.248623847961426
89,534,False,7317,6.0,22.106367349624634
92,552,False,10829,6.0,35.62616539001465
88,528,False,5770,6.0,19.380407333374023
91,546,False,6111,6.0,19.131943225860596
87,522,False,3055,6.0,10.492250919342041
90,540,False,11279,6.0,33.99705100059509
93,558,False,10946,6.0,35.65719509124756
96,576,False,6093,6.0,21.079625606536865
85,510,False,2535,6.0,7.35921573638916
88,528,False,7444,6.0,22.34784507751465
91,546,False,5455,6.0,18.110998392105103
87,522,False,5308,6.0,15.20075535774231
90,540,False,8087,6.0,27.553110361099243
93,558,False,10619,6.0,37.830098390579224
89,534,False,7241,6.0,21.1682391166687
92,552,False,11821,6.0,38.89434862136841
88,528,False,4112,6.0,13.963060855865479
91,546,False,8864,6.0,26.85197925567627
94,564,False,8319,6.0,27.991456747055054
90,540,False,7084,6.0,25.135224103927612
93,558,False,9572,6.0,30.344521284103394
96,576,False,4542,6.0,15.16579532623291
