50,150,True,68,3.0,0.07446026802062988
53,159,True,49,3.0,0.5687634944915771
56,168,True,68,3.0,0.06478595733642578
59,177,True,462,3.0,0.3243696689605713
62,186,True,88,3.0,0.0697782039642334
65,195,True,71,3.0,0.08398175239562988
68,204,True,254,3.0,0.19376134872436523
71,213,True,62,3.0,0.062441349029541016
74,222,True,99,3.0,0.10515165328979492
77,231,True,75,3.0,0.08085250854492188
80,240,True,103,3.0,0.10391974449157715
83,249,True,882,3.0,0.783245325088501
86,258,True,312,3.0,0.5557024478912354
89,267,True,169,3.0,0.28853416442871094
92,276,True,131,3.0,0.15710783004760742
95,285,True,86,3.0,0.1044919490814209
98,294,True,92,3.0,0.09903621673583984
101,303,True,662,3.0,0.7781352996826172
104,312,True,9829,3.0,11.623192548751831
107,321,True,3349,3.0,2.436237096786499
110,330,True,1480,3.0,1.658170223236084
113,339,True,8306,3.0,7.105144023895264
116,348,True,724,3.0,0.7084710597991943
119,357,True,694,3.0,1.148576021194458
122,366,True,287,3.0,0.3548429012298584
125,375,True,116,3.0,0.16089940071105957
128,384,True,286,3.0,0.3955700397491455
131,393,True,497,3.0,0.630570650100708
134,402,True,413,3.0,0.43337154388427734
137,411,True,222,3.0,0.31696152687072754
140,420,True,6647,3.0,6.005936861038208
143,429,True,802,3.0,0.7329971790313721
146,438,True,1080,3.0,1.2062687873840332
149,447,True,1975,3.0,2.580845355987549
152,456,True,1298,3.0,1.2814176082611084
148,444,True,3101,3.0,4.058053731918335
151,453,True,144,3.0,0.23205161094665527
147,441,True,152,3.0,0.2495424747467041
150,450,True,190,3.0,0.2676353454589844
153,459,True,1182,3.0,1.311291217803955
156,468,True,141,3.0,0.6802272796630859
159,477,True,144,3.0,0.24254226684570312
134,402,True,152,3.0,0.20040440559387207
137,411,True,4377,3.0,4.414333343505859
140,420,True,129,3.0,0.20471405982971191
143,429,True,389,3.0,0.4841632843017578
146,438,True,1428,3.0,2.3279500007629395
149,447,True,136,3.0,0.2282564640045166
152,456,True,185,3.0,0.2737302780151367
155,465,True,139,3.0,0.24279284477233887
158,474,True,511,3.0,0.8836867809295654
161,483,True,153,3.0,0.6959292888641357
164,492,True,151,3.0,0.27449512481689453
167,501,True,4548,3.0,8.086282730102539
170,510,True,208,3.0,0.3242764472961426
159,477,True,157,3.0,0.696561336517334
162,486,True,619,3.0,0.7851414680480957
158,474,True,179,3.0,0.2969684600830078
161,483,True,169,3.0,0.32073187828063965
157,471,True,4087,3.0,5.44342827796936
160,480,True,176,3.0,0.28211545944213867
163,489,True,643,3.0,0.699556827545166
166,498,True,190,3.0,0.3157331943511963
169,507,True,254,3.0,0.5003938674926758
172,516,True,452,3.0,1.1536204814910889
175,525,True,434,3.0,0.8665974140167236
178,534,True,163,3.0,0.32268452644348145
181,543,True,222,3.0,0.43456339836120605
184,552,True,1035,3.0,2.0064291954040527
180,540,True,312,3.0,0.6158566474914551
183,549,True,4210,3.0,8.668818712234497
186,558,True,708,3.0,1.7404932975769043
182,546,True,200,3.0,0.8239061832427979
185,555,True,9734,3.0,15.177485942840576
188,564,True,623,3.0,1.0926058292388916
191,573,True,7643,3.0,12.647103548049927
194,582,True,7034,3.0,11.030975580215454
197,591,True,182,3.0,0.3803098201751709
200,600,True,10658,3.0,16.750901699066162
196,588,True,302,3.0,0.5113346576690674
199,597,True,426,3.0,0.7152278423309326
202,606,True,289,3.0,1.0568006038665771
205,615,True,206,3.0,0.45312952995300293
208,624,True,183,3.0,0.41710901260375977
211,633,True,1842,3.0,3.579087495803833
214,642,True,196,3.0,0.4496638774871826
217,651,True,5419,3.0,12.73910903930664
220,660,True,252,3.0,1.0290470123291016
223,669,True,314,3.0,0.7180531024932861
226,678,True,210,3.0,0.4886772632598877
229,687,True,6111,3.0,10.579345226287842
232,696,True,492,3.0,1.3230013847351074
235,705,True,7392,3.0,18.261926889419556
217,651,True,3035,3.0,4.916255712509155
220,660,True,8427,3.0,12.327141046524048
223,669,True,1654,3.0,2.0806028842926025
212,636,True,452,3.0,0.7417104244232178
215,645,True,483,3.0,1.0946550369262695
218,654,True,8791,3.0,11.821640491485596
207,621,True,3949,3.0,7.4255406856536865
196,627,True,222,3.2,0.8706398010253906
178,569,True,195,3.2,0.4221928119659424
181,579,True,1333,3.2,2.770319700241089
150,450,True,11579,3.0,14.005216836929321
153,459,True,1920,3.0,2.997584819793701
156,468,True,2227,3.0,2.049807071685791
159,477,True,597,3.0,1.1166210174560547
162,486,True,5831,3.0,8.809280633926392
165,495,True,169,3.0,0.3016040325164795
168,504,True,7792,3.0,10.196291208267212
171,513,True,6473,3.0,12.403443098068237
167,501,True,187,3.0,0.3405616283416748
163,489,True,149,3.0,0.2920980453491211
166,498,True,152,3.0,0.2860703468322754
169,507,True,162,3.0,0.30243468284606934
172,516,True,5824,3.0,9.818860530853271
175,525,True,397,3.0,0.590111494064331
178,534,True,210,3.0,0.3934338092803955
181,543,True,9612,3.0,18.40550184249878
184,552,True,5900,3.0,8.170340299606323
180,540,True,8791,3.0,16.934500455856323
183,549,True,219,3.0,0.4266853332519531
186,558,True,11696,3.0,12.464460611343384
168,504,True,157,3.0,0.28475356101989746
171,513,True,210,3.0,0.8207876682281494
174,522,True,183,3.0,0.3380403518676758
177,531,True,425,3.0,0.7147786617279053
180,540,True,1025,3.0,1.9774439334869385
183,549,True,12125,3.0,18.109558582305908
186,558,True,18184,3.0,27.502410411834717
182,546,True,175,3.0,0.3634335994720459
178,534,True,3802,3.0,6.732821702957153
181,543,True,191,3.0,0.3588416576385498
184,552,True,7643,3.0,13.344926118850708
187,561,True,2266,3.0,3.3990325927734375
176,528,True,5284,3.0,9.770710945129395
179,537,True,1095,3.0,1.7021877765655518
182,546,True,200,3.0,0.367250919342041
185,555,True,169,3.0,0.3254082202911377
188,564,True,3224,3.0,5.740783452987671
191,573,True,3526,3.0,6.116608381271362
194,582,True,12646,3.0,24.41400909423828
190,570,True,213,3.0,0.40872907638549805
179,537,True,2525,3.0,1.9430129528045654
182,546,True,6265,3.0,7.711000204086304
185,555,True,342,3.0,0.6173198223114014
188,564,True,171,3.0,0.3490872383117676
191,573,True,15754,3.0,11.353019952774048
194,582,True,214,3.0,0.4194042682647705
197,591,True,12804,3.0,28.77376127243042
200,600,True,250,3.0,0.489699125289917
203,609,True,387,3.0,0.6884996891021729
206,618,True,1694,3.0,2.5037841796875
209,627,True,814,3.0,1.222395896911621
198,594,True,184,3.0,0.5296437740325928
201,603,True,234,3.0,0.48123764991760254
204,612,True,196,3.0,0.4550337791442871
193,579,True,175,3.0,0.3556702136993408
196,588,True,1105,3.0,2.3549063205718994
199,597,True,240,3.0,0.4996509552001953
202,606,True,3463,3.0,6.525372743606567
184,552,True,5253,3.0,10.620165824890137
187,561,True,216,3.0,0.9174153804779053
190,570,True,488,3.0,0.7877888679504395
179,537,True,161,3.0,0.3267538547515869
161,483,True,720,3.0,0.957719087600708
157,471,True,2630,3.0,3.2759993076324463
160,480,True,175,3.0,0.2667524814605713
163,489,True,5584,3.0,7.032988548278809
166,498,True,5016,3.0,6.414860725402832
169,507,True,219,3.0,0.40401124954223633
165,495,True,1683,3.0,2.1044228076934814
161,483,True,971,3.0,1.3698406219482422
157,471,True,4797,3.0,5.908456325531006
153,459,True,11834,3.0,20.323100328445435
156,468,True,14826,3.0,24.077689170837402
159,477,True,10753,3.0,15.822621583938599
162,486,True,150,3.0,0.7233164310455322
165,495,True,688,3.0,0.8705103397369385
168,504,True,13930,3.0,15.541790962219238
171,513,True,417,3.0,0.6193499565124512
174,522,True,158,3.0,0.29900336265563965
177,531,True,161,3.0,0.786285400390625
180,540,True,192,3.0,0.3587684631347656
183,549,True,252,3.0,0.4744448661804199
186,558,True,205,3.0,0.39075160026550293
189,567,True,7678,3.0,11.710235118865967
185,555,True,8374,3.0,17.197136163711548
188,564,True,353,3.0,0.6911444664001465
191,573,True,1901,3.0,2.9951624870300293
194,582,True,310,3.0,0.5527698993682861
197,591,True,403,3.0,0.6494162082672119
200,600,True,983,3.0,2.1097731590270996
189,567,True,190,3.0,0.3776381015777588
192,576,True,1376,3.0,2.607870101928711
195,585,True,5425,3.0,12.368659496307373
198,594,True,219,3.0,0.44824695587158203
201,603,True,2330,3.0,4.305915832519531
204,612,True,264,3.0,1.0023901462554932
207,621,True,194,3.0,0.4126265048980713
203,609,True,11295,3.0,24.673286199569702
206,618,True,190,3.0,0.4430670738220215
202,606,True,12250,3.0,18.404515504837036
184,588,True,2456,3.2,2.8237876892089844
173,553,True,4111,3.2,4.223691940307617
176,563,True,6176,3.2,14.607191562652588
158,505,True,484,3.2,0.6925919055938721
161,515,True,252,3.2,0.43339014053344727
157,502,True,12179,3.2,20.71669626235962
160,512,True,4609,3.2,9.118946313858032
163,521,True,500,3.2,1.8249619007110596
166,531,True,3250,3.2,8.20723032951355
162,518,True,17460,3.2,28.730836153030396
165,528,True,752,3.2,1.0507090091705322
168,537,True,13286,3.2,23.410749197006226
150,480,True,7771,3.2,12.133642673492432
153,489,True,625,3.2,0.9064841270446777
156,499,True,158,3.2,0.2778351306915283
152,486,True,1972,3.2,4.11468768119812
148,473,True,141,3.2,0.2580547332763672
144,460,True,3834,3.2,3.4497971534729004
140,448,True,1489,3.2,1.7576727867126465
136,435,True,5826,3.2,11.19517183303833
139,444,True,11775,3.2,13.869430541992188
142,454,True,347,3.2,0.5524353981018066
131,419,True,392,3.2,0.5421571731567383
127,406,True,154,3.2,0.1948564052581787
130,416,True,690,3.2,1.06386399269104
133,425,True,178,3.2,0.3167438507080078
129,412,True,1061,3.2,1.171205997467041
132,422,True,1415,3.2,2.000121831893921
128,409,True,1487,3.2,1.5769412517547607
131,419,True,731,3.2,0.6780974864959717
134,428,True,135,3.2,0.20674371719360352
137,438,True,1819,3.2,2.4910025596618652
140,448,True,136,3.2,0.2516326904296875
143,457,True,5612,3.2,11.468141078948975
146,467,True,2744,3.2,3.309452533721924
149,476,True,168,3.2,0.8077793121337891
145,464,True,1048,3.2,1.3610987663269043
148,473,True,554,3.2,1.2323107719421387
144,460,True,183,3.2,0.3449840545654297
140,448,True,130,3.2,0.20387029647827148
143,457,True,2215,3.2,4.094861745834351
146,467,True,340,3.2,0.5647728443145752
149,476,True,736,3.2,1.289400577545166
138,441,True,1761,3.2,2.60604190826416
141,451,True,13504,3.2,26.251527547836304
144,460,True,12699,3.2,17.246172666549683
147,470,True,237,3.2,0.35642147064208984
143,457,True,6018,3.2,8.344810485839844
146,467,True,582,3.2,1.0286681652069092
142,454,True,2629,3.2,3.97188401222229
145,464,True,139,3.2,0.24280619621276855
148,473,True,8610,3.2,11.966198444366455
144,460,True,179,3.2,0.2588996887207031
140,448,True,139,3.2,0.22357845306396484
143,457,True,308,3.2,0.4538693428039551
139,444,True,1975,3.2,2.968369722366333
142,454,True,836,3.2,0.7958691120147705
138,441,True,146,3.2,0.2810347080230713
141,451,True,207,3.2,0.3608829975128174
137,438,True,928,3.2,1.3325791358947754
140,448,True,479,3.2,0.7388670444488525
143,457,True,501,3.2,0.6902153491973877
146,467,True,1251,3.2,2.4780116081237793
149,476,True,724,3.2,0.852421760559082
152,486,True,180,3.2,0.3023719787597656
155,496,True,1187,3.2,2.272972583770752
158,505,True,4281,3.2,6.606770992279053
161,515,True,245,3.2,0.46130990982055664
157,502,True,15267,3.2,21.392394542694092
160,512,True,6407,3.2,12.34322714805603
163,521,True,705,3.2,1.6288354396820068
159,508,True,1790,3.2,2.6840550899505615
155,496,True,19830,3.2,28.228926181793213
151,483,True,10241,3.2,18.499926328659058
147,470,True,1092,3.2,1.5049738883972168
150,480,True,2727,3.2,4.3032310009002686
153,489,True,1187,3.2,2.661412239074707
156,499,True,3019,3.2,7.083963394165039
159,508,True,221,3.2,0.4681713581085205
162,518,True,184,3.2,0.8719358444213867
158,505,True,5542,3.2,11.734023809432983
154,492,True,251,3.2,0.6992387771606445
150,480,True,216,3.2,0.6539287567138672
153,489,True,142,3.2,0.40317368507385254
156,499,True,166,3.2,0.47254204750061035
159,508,True,4061,3.2,10.086846590042114
162,518,True,1650,3.2,4.807664394378662
158,505,True,183,3.2,0.5856053829193115
154,492,True,2567,3.2,9.881094455718994
157,502,True,6887,3.2,17.808753490447998
153,489,True,141,3.2,0.4655430316925049
156,499,True,188,3.2,0.5656661987304688
159,508,True,532,3.2,1.500230312347412
162,518,True,2730,3.2,7.1070990562438965
165,528,True,206,3.2,0.8324587345123291
161,515,True,153,3.2,0.9770052433013916
150,480,True,220,3.2,4.847287654876709
153,489,True,806,3.2,7.281675100326538
149,476,True,1062,3.2,9.049135684967041
152,486,True,1789,3.2,18.615509033203125
127,431,True,138,3.4,1.625053882598877
123,418,True,151,3.4,1.2601487636566162
126,428,True,230,3.4,1.7829132080078125
129,438,True,215,3.4,1.85467529296875
132,448,True,326,3.4,3.740483045578003
107,363,True,700,3.4,1.551905870437622
96,326,True,165,3.4,0.31226634979248047
99,336,True,10418,3.4,19.377397775650024
102,346,True,4315,3.4,14.432410478591919
98,333,True,4428,3.4,10.537995100021362
101,343,True,408,3.4,1.544288158416748
104,353,True,333,3.4,0.6495523452758789
107,363,True,1944,3.4,5.0616981983184814
110,374,True,179,3.4,0.3207361698150635
113,384,True,384,3.4,1.472966194152832
116,394,True,138,3.4,0.390958309173584
119,404,True,1167,3.4,2.6506969928741455
115,391,True,6367,3.4,19.588281393051147
111,377,True,258,3.4,4.113712310791016
114,387,True,437,3.4,2.0746188163757324
117,397,True,1461,3.4,4.119913578033447
120,408,True,354,3.4,2.0157628059387207
116,394,True,924,3.4,1.1359307765960693
119,404,True,906,3.4,1.1397614479064941
122,414,True,258,3.4,0.39853668212890625
125,425,True,674,3.4,1.221630573272705
128,435,True,729,3.4,1.0943217277526855
110,374,True,102,3.4,0.1499180793762207
106,360,True,363,3.4,0.6466948986053467
109,370,True,112,3.4,0.16400742530822754
112,380,True,1371,3.4,2.387019634246826
108,367,True,258,3.4,0.967400074005127
111,377,True,153,3.4,0.2407996654510498
114,387,True,9258,3.4,15.038944244384766
117,397,True,351,3.4,0.5045003890991211
120,408,True,5362,3.4,8.70788836479187
123,418,True,766,3.4,1.079930305480957
126,428,True,16518,3.4,29.838665008544922
115,391,True,2873,3.4,4.781696557998657
111,377,True,4638,3.4,5.667287826538086
114,387,True,1853,3.4,2.124694347381592
117,397,True,195,3.4,0.19860172271728516
120,408,True,192,3.4,0.2666938304901123
116,394,True,2956,3.4,4.882652759552002
119,404,True,120,3.4,0.8048849105834961
122,414,True,1853,3.4,1.8472237586975098
125,425,True,5591,3.4,8.164060831069946
128,435,True,2477,3.4,4.435161352157593
117,397,True,434,3.4,0.7625057697296143
120,408,True,1977,3.4,3.1602203845977783
123,418,True,13449,3.4,22.980448007583618
126,428,True,2145,3.4,3.8475582599639893
122,414,True,2217,3.4,3.301267147064209
125,425,True,2805,3.4,4.13584566116333
128,435,True,536,3.4,1.2141015529632568
131,445,True,7478,3.4,12.031242847442627
134,455,True,5270,3.4,7.900357246398926
137,465,True,131,3.4,0.21593356132507324
126,428,True,223,3.4,0.327380895614624
115,391,True,2608,3.4,4.123551607131958
118,401,True,1497,3.4,1.6336088180541992
121,411,True,1886,3.4,3.3605127334594727
124,421,True,5093,3.4,9.495707511901855
127,431,True,6653,3.4,11.180902481079102
123,418,True,15645,3.4,24.97109079360962
126,428,True,2319,3.4,3.8653883934020996
129,438,True,121,3.4,0.20125699043273926
132,448,True,4279,3.4,7.4805920124053955
128,435,True,6672,3.4,11.076187372207642
124,421,True,406,3.4,1.107663631439209
127,431,True,121,3.4,0.22923874855041504
130,442,True,128,3.4,0.24230027198791504
133,452,True,177,3.4,0.33565235137939453
136,462,True,461,3.4,0.7156291007995605
132,448,True,223,3.4,0.37227821350097656
135,459,True,8252,3.4,15.026363134384155
131,445,True,3557,3.4,4.4997289180755615
134,455,True,211,3.4,0.3157997131347656
130,442,True,784,3.4,1.7338306903839111
126,428,True,7539,3.4,11.767448902130127
122,414,True,258,3.4,1.1792681217193604
125,425,True,2824,3.4,13.255490779876709
128,435,True,122,3.4,0.5381934642791748
124,421,True,116,3.4,0.4839749336242676
127,431,True,2735,3.4,8.252121210098267
130,442,True,154,3.4,0.6622152328491211
126,428,True,219,3.4,0.933229923248291
129,438,True,352,3.4,1.4102356433868408
125,425,True,252,3.4,1.1426167488098145
107,363,True,321,3.4,0.675126314163208
110,374,True,106,3.4,1.2153599262237549
106,360,True,3450,3.4,13.095434665679932
109,370,True,101,3.4,0.3426504135131836
112,380,True,242,3.4,0.6832709312438965
115,391,True,3590,3.4,16.04672598838806
104,353,True,104,3.4,0.8669159412384033
107,363,True,176,3.4,0.9366617202758789
110,374,True,116,3.4,0.8466055393218994
113,384,True,151,3.4,1.48164963722229
109,370,True,1986,3.4,6.6340625286102295
105,378,True,4600,3.6,20.826719522476196
101,363,True,293,3.6,0.745887041091919
104,374,True,4965,3.6,19.589035034179688
107,385,True,3179,3.6,9.059497833251953
103,370,True,6968,3.6,25.750601768493652
99,356,True,6861,3.6,19.792157649993896
102,367,True,4968,3.6,18.142994165420532
98,352,True,3369,3.6,11.313332796096802
101,363,True,3539,3.6,12.059318542480469
104,374,True,100,3.6,0.40021586418151855
100,360,True,280,3.6,1.0994250774383545
103,370,True,1549,3.6,6.893036842346191
99,356,True,108,3.6,0.42682409286499023
102,367,True,145,3.6,0.5762646198272705
105,378,True,9533,3.6,24.100157260894775
108,388,True,7630,3.6,26.01260733604431
111,399,True,826,3.6,3.756826877593994
100,360,True,290,3.6,0.6349508762359619
89,320,True,363,3.6,1.1208298206329346
85,306,True,310,3.6,0.9285438060760498
88,316,True,863,3.6,2.466782569885254
91,327,True,312,3.6,1.8505582809448242
87,313,True,81,3.6,0.2168126106262207
83,298,True,92,3.6,0.2807166576385498
86,309,True,389,3.6,0.7175900936126709
89,320,True,314,3.6,0.8164069652557373
78,280,True,7422,3.6,21.522969722747803
81,291,True,1587,3.6,5.150221109390259
84,302,True,422,3.6,0.8641798496246338
73,262,True,699,3.6,1.7172470092773438
69,248,True,1818,3.6,5.0432984828948975
72,259,True,1656,3.6,3.7645485401153564
75,270,True,193,3.6,0.4929018020629883
78,280,True,989,3.6,7.308757781982422
81,291,True,455,3.6,1.1520287990570068
84,302,True,10346,3.6,23.871421098709106
87,313,True,166,3.6,0.3086581230163574
83,298,True,1663,3.6,1.5773138999938965
86,309,True,262,3.6,0.33821654319763184
89,320,True,429,3.6,0.4332399368286133
92,331,True,408,3.6,0.4289693832397461
95,342,True,3910,3.6,4.889178276062012
91,327,True,601,3.6,0.6138873100280762
94,338,True,194,3.6,0.2822413444519043
97,349,True,1278,3.6,2.4283525943756104
100,360,True,19478,3.6,23.44875693321228
103,370,True,110,3.6,0.15027785301208496
106,381,True,4461,3.6,6.793302774429321
109,392,True,14182,3.6,16.095375299453735
112,403,True,138,3.6,0.1719529628753662
115,414,True,6530,3.6,8.512562274932861
90,324,True,11349,3.6,11.133676528930664
93,334,True,1364,3.6,1.6114952564239502
96,345,True,15553,3.6,19.535338640213013
99,356,True,16323,3.6,21.984105587005615
102,367,True,2439,3.6,3.1730728149414062
105,378,True,427,3.6,0.6172137260437012
94,338,True,8983,3.6,10.86307978630066
97,349,True,2923,3.6,3.8320367336273193
100,360,True,738,3.6,0.9192831516265869
103,370,True,8952,3.6,13.36636233329773
106,381,True,99,3.6,0.13144421577453613
109,392,True,281,3.6,0.36602234840393066
112,403,True,3308,3.6,3.801722526550293
108,388,True,4123,3.6,5.184260368347168
111,399,True,746,3.6,1.5031917095184326
114,410,True,8911,3.6,10.183002948760986
117,421,True,18139,3.6,29.250757932662964
120,432,True,8132,3.6,12.43114948272705
95,342,True,2013,3.6,2.104881763458252
91,327,True,934,3.6,0.8246219158172607
94,338,True,374,3.6,0.7703449726104736
97,349,True,567,3.6,0.6441302299499512
100,360,True,7309,3.6,11.332334280014038
103,370,True,530,3.6,0.41608643531799316
106,381,True,6216,3.6,7.006393909454346
109,392,True,289,3.6,0.38422727584838867
105,378,True,3725,3.6,5.317341327667236
108,388,True,3226,3.6,4.789093255996704
104,374,True,17577,3.6,23.253748893737793
107,385,True,232,3.6,0.2761240005493164
110,396,True,4963,3.6,6.099416971206665
113,406,True,5269,3.6,7.788816213607788
109,392,True,384,3.6,0.2965128421783447
112,403,True,117,3.6,0.16649961471557617
108,388,True,6911,3.6,9.512823343276978
111,399,True,236,3.6,0.26432347297668457
114,410,True,2788,3.6,3.3655269145965576
117,421,True,3905,3.6,5.567541122436523
120,432,True,2629,3.6,4.058121204376221
123,442,True,5185,3.6,7.166086435317993
126,453,True,18498,3.6,28.963956832885742
122,439,True,782,3.6,0.9381494522094727
125,450,True,2418,3.6,4.249783039093018
114,410,True,1322,3.6,2.1048331260681152
110,396,True,1756,3.6,2.1281919479370117
113,406,True,12269,3.6,17.631547451019287
116,417,True,827,3.6,1.5805649757385254
98,352,True,120,3.6,0.6211333274841309
101,363,True,300,3.6,0.3481009006500244
97,368,True,6003,3.8,9.916890144348145
100,380,True,12687,3.8,19.999985456466675
103,391,True,16084,3.8,26.48378086090088
99,376,True,7104,3.8,9.815921545028687
102,387,True,3850,3.8,6.012361764907837
98,372,True,3511,3.8,5.157336950302124
101,383,True,1488,3.8,1.8831760883331299
90,342,True,14152,3.8,18.11642622947693
93,353,True,8162,3.8,10.282951354980469
96,364,True,334,3.8,0.4002344608306885
99,376,True,3396,3.8,5.34973931312561
102,387,True,10276,3.8,13.966176748275757
91,345,True,3572,3.8,4.532280445098877
87,330,True,10797,3.8,15.399192571640015
83,315,True,3795,3.8,4.781310796737671
79,300,True,3615,3.8,4.416990041732788
82,311,True,2941,3.8,3.7180137634277344
85,323,True,10881,3.8,14.616668224334717
88,334,True,10157,3.8,12.233371257781982
91,345,True,179,3.8,0.7508096694946289
94,357,True,256,3.8,0.33748579025268555
97,368,True,609,3.8,0.7030844688415527
93,353,True,20341,3.8,29.133137702941895
96,364,True,8635,3.8,13.083406209945679
85,323,True,2257,3.8,2.599757432937622
88,334,True,308,3.8,0.3086371421813965
91,345,True,1493,3.8,2.074021577835083
94,357,True,4577,3.8,4.717139482498169
83,315,True,12822,3.8,16.56671929359436
86,326,True,1606,3.8,2.11663556098938
89,338,True,3459,3.8,3.4001593589782715
92,349,True,6561,3.8,9.511090755462646
88,334,True,436,3.8,1.066847324371338
91,345,True,8671,3.8,13.40048098564148
94,357,True,677,3.8,0.682666540145874
97,368,True,5664,3.8,8.220460176467896
100,380,True,1492,3.8,1.896052360534668
96,364,True,215,3.8,0.2838704586029053
99,376,True,579,3.8,0.649970293045044
102,387,True,12032,3.8,21.71954369544983
98,372,True,7492,3.8,10.727647542953491
101,383,True,11416,3.8,17.215840101242065
104,395,True,12325,3.8,19.349921941757202
107,406,True,4958,3.8,8.765679359436035
110,418,True,874,3.8,1.3844270706176758
85,323,True,2178,3.8,2.4308078289031982
88,334,True,9123,3.8,11.918817281723022
91,345,True,113,3.8,0.12833881378173828
80,304,True,116,3.8,0.13032126426696777
83,315,True,6387,3.8,8.700326204299927
86,326,True,8132,3.8,11.404356002807617
89,338,True,15307,3.8,20.769899368286133
85,323,True,9641,3.8,12.207921743392944
81,307,True,12109,3.8,11.796355724334717
84,319,True,421,3.8,0.46691370010375977
87,330,True,1557,3.8,2.2336058616638184
83,315,True,1280,3.8,1.2768759727478027
86,326,True,153,3.8,0.19971036911010742
89,338,True,12907,3.8,14.698116779327393
92,349,True,1753,3.8,2.0334057807922363
95,361,True,384,3.8,0.9518260955810547
98,372,True,1008,3.8,1.4673731327056885
87,330,True,5820,3.8,7.733515977859497
90,342,True,5515,3.8,8.48446798324585
86,326,True,2350,3.8,3.5324885845184326
82,311,True,2835,3.8,3.5923776626586914
78,296,True,8994,3.8,11.150182723999023
81,307,True,1599,3.8,1.5664222240447998
77,292,True,5482,3.8,4.680471897125244
80,304,True,2273,3.8,2.5857672691345215
76,288,True,11020,3.8,13.000498294830322
72,273,True,94,3.8,0.08705615997314453
75,285,True,111,3.8,0.1047062873840332
78,296,True,103,3.8,0.09927105903625488
81,307,True,76,3.8,0.08436846733093262
84,319,True,894,3.8,0.914710521697998
87,330,True,16396,3.8,20.81722402572632
83,315,True,2409,3.8,3.666602611541748
86,326,True,491,3.8,0.33295369148254395
82,311,True,3011,3.8,3.5838749408721924
85,323,True,108,3.8,0.15016388893127441
88,334,True,5169,3.8,7.21234130859375
91,345,True,169,3.8,0.20011663436889648
80,304,True,2574,3.8,3.2026867866516113
76,288,True,1853,3.8,2.5027968883514404
79,300,True,8351,3.8,10.349730968475342
82,311,True,12224,3.8,15.116190910339355
85,323,True,533,3.8,0.499936580657959
88,334,True,12480,3.8,16.166675806045532
77,292,True,11021,3.8,12.182289361953735
80,304,True,107,3.8,0.11676478385925293
83,315,True,514,3.8,0.516685962677002
86,326,True,833,3.8,1.584956169128418
75,285,True,629,3.8,0.6685371398925781
78,296,True,11170,3.8,14.487781286239624
81,307,True,1430,3.8,1.533862829208374
84,319,True,3668,3.8,4.422367811203003
80,304,True,8724,3.8,11.003626823425293
76,288,True,4290,3.8,4.597249507904053
72,273,True,264,3.8,0.22908616065979004
68,272,False,18888,4.0,23.103848934173584
71,284,True,7585,4.0,7.887074947357178
74,296,True,19011,4.0,21.247262001037598
77,308,True,1974,4.0,2.1002399921417236
80,320,True,1212,4.0,1.9515278339385986
83,332,True,12207,4.0,19.492285013198853
79,316,True,341,4.0,0.31664443016052246
82,328,True,2099,4.0,3.3004772663116455
78,312,True,9122,4.0,13.670337915420532
81,324,True,1080,4.0,1.1785962581634521
70,280,True,309,4.0,0.3463459014892578
73,292,True,1442,4.0,2.2667338848114014
69,276,True,2952,4.0,2.965913772583008
72,288,True,286,4.0,0.24724674224853516
75,300,True,3838,4.0,5.4024879932403564
78,312,True,1616,4.0,1.8287408351898193
81,324,True,4262,4.0,7.159257173538208
84,336,True,2977,4.0,4.167289972305298
73,292,True,845,4.0,0.9103937149047852
76,304,True,5661,4.0,5.916465520858765
72,288,True,807,4.0,0.6824836730957031
75,300,True,21018,4.0,24.832041263580322
71,284,True,1605,4.0,1.5877022743225098
67,268,True,13406,4.0,14.834287643432617
70,280,False,15811,4.0,20.066816091537476
73,292,True,19942,4.0,25.335455417633057
76,304,True,22680,4.0,29.633069038391113
79,316,True,7125,4.0,8.216890096664429
82,328,True,19844,4.0,25.11348009109497
85,340,True,7265,4.0,11.949416875839233
81,324,True,5418,4.0,8.548004865646362
70,280,True,674,4.0,0.6829338073730469
73,292,True,80,4.0,0.10189962387084961
69,276,False,11982,4.0,14.467473268508911
72,288,True,9214,4.0,10.552351951599121
75,300,True,512,4.0,0.5712406635284424
71,284,True,1077,4.0,0.9333860874176025
74,296,False,19779,4.0,24.75026822090149
77,308,True,22303,4.0,29.704394340515137
80,320,True,1612,4.0,1.96636962890625
83,332,True,8949,4.0,12.667558670043945
79,316,True,904,4.0,0.7703359127044678
75,300,True,138,4.0,0.13158845901489258
78,312,True,2808,4.0,3.1126739978790283
81,324,True,2448,4.0,3.3999650478363037
84,336,True,4615,4.0,5.9315385818481445
87,348,True,20084,4.0,28.711994171142578
69,276,False,18866,4.0,24.099122285842896
72,288,True,17971,4.0,21.816530227661133
75,300,True,3294,4.0,4.682695388793945
78,312,True,8640,4.0,10.684093952178955
81,324,True,13560,4.0,20.486944675445557
84,336,True,5794,4.0,8.05121898651123
80,320,True,8712,4.0,12.087098121643066
83,332,True,11901,4.0,16.80067253112793
86,344,True,2833,4.0,4.358567953109741
89,356,True,14674,4.0,22.880075693130493
78,312,True,5190,4.0,5.314731597900391
81,324,True,15431,4.0,19.832798719406128
77,308,True,7782,4.0,9.966307163238525
80,320,False,18152,4.0,26.336092948913574
83,332,True,152,4.0,0.15030789375305176
79,316,True,2276,4.0,2.537954568862915
75,300,True,5885,4.0,7.907851934432983
71,284,True,3141,4.0,3.2686221599578857
74,296,True,398,4.0,0.9825048446655273
77,308,True,18418,4.0,23.36327862739563
66,264,True,718,4.0,0.6337203979492188
69,276,True,1091,4.0,0.9550285339355469
72,288,True,134,4.0,0.18706488609313965
75,300,True,9540,4.0,11.333468198776245
78,312,True,224,4.0,0.23729205131530762
74,296,True,15092,4.0,18.071190357208252
77,308,True,190,4.0,0.2047874927520752
73,292,True,8288,4.0,11.61709976196289
69,276,True,10934,4.0,11.916398525238037
72,288,True,7053,4.0,7.96675181388855
75,300,True,18925,4.0,22.24191379547119
71,284,True,13475,4.0,16.82388424873352
74,296,True,21313,4.0,29.337342262268066
70,280,False,13539,4.0,16.26342797279358
66,264,True,1501,4.0,1.3458788394927979
69,276,True,3727,4.0,4.415456771850586
72,288,False,17688,4.0,22.899778127670288
68,272,True,12815,4.0,14.001309156417847
71,284,True,569,4.0,0.5339035987854004
67,268,True,2100,4.0,2.054072618484497
70,280,True,3710,4.0,4.605291366577148
73,292,True,3309,4.0,3.976696491241455
76,304,True,3292,4.0,3.0127744674682617
72,288,False,20552,4.0,27.848209381103516
68,272,True,4036,4.0,4.150162220001221
71,284,True,4405,4.0,5.550373792648315
74,296,True,119,4.0,0.13098573684692383
70,280,True,7348,4.0,8.10003113746643
73,292,True,1414,4.0,1.3828628063201904
76,304,True,16583,4.0,22.150062322616577
79,316,True,14878,4.0,20.436259746551514
82,328,True,7444,4.0,10.450789451599121
85,340,True,3310,4.0,5.552953004837036
88,369,True,11667,4.2,18.292637586593628
70,294,False,20082,4.2,26.86968684196472
73,306,False,19648,4.2,26.37564730644226
69,289,False,13189,4.2,17.720511436462402
65,273,True,5341,4.2,6.217858552932739
68,285,True,8693,4.2,11.39966106414795
64,268,True,2417,4.2,2.1831650733947754
67,281,True,9438,4.2,11.966850519180298
63,264,True,2260,4.2,2.4140684604644775
66,277,False,7651,4.2,9.916544914245605
69,289,False,10947,4.2,15.183596849441528
65,273,True,2532,4.2,3.109281539916992
68,285,True,4252,4.2,6.250709295272827
64,268,False,3633,4.2,4.351602792739868
67,281,True,10432,4.2,11.040512084960938
70,294,True,3309,4.2,4.267300844192505
73,306,True,7042,4.2,9.416844606399536
76,319,True,3779,4.2,4.878874063491821
72,302,False,15716,4.2,22.649876356124878
68,285,True,280,4.2,0.3001399040222168
71,298,True,8165,4.2,10.635149240493774
74,310,True,1019,4.2,1.4673304557800293
77,323,True,1695,4.2,1.8673937320709229
80,336,False,15274,4.2,22.073511600494385
69,289,True,8801,4.2,10.900704860687256
72,302,True,14084,4.2,18.037741899490356
68,285,False,24333,4.2,29.72756028175354
71,298,True,5159,4.2,6.916487455368042
67,281,True,4871,4.2,5.5345141887664795
70,294,False,4199,4.2,5.467889070510864
73,306,True,68,4.2,0.08311724662780762
69,289,True,1327,4.2,2.036302089691162
72,302,True,6415,4.2,6.971613883972168
68,285,False,18769,4.2,24.749110221862793
71,298,True,151,4.2,0.14646339416503906
74,310,True,5691,4.2,8.300177812576294
70,294,True,5969,4.2,7.399206876754761
66,277,False,14549,4.2,19.88316535949707
69,289,False,17692,4.2,22.662822246551514
72,302,True,9259,4.2,12.08230209350586
75,315,True,1462,4.2,1.5669934749603271
71,298,False,16373,4.2,23.780017137527466
74,310,True,3038,4.2,4.25023627281189
70,294,False,19143,4.2,26.703798532485962
73,306,True,9398,4.2,14.125444412231445
62,260,False,3877,4.2,4.8709025382995605
65,273,True,2445,4.2,3.156977415084839
68,285,True,8434,4.2,11.670818567276001
64,268,True,1445,4.2,1.683309555053711
67,281,True,9502,4.2,10.699916362762451
70,294,True,123,4.2,0.13367176055908203
73,306,True,1175,4.2,1.5667173862457275
69,289,False,12080,4.2,16.028465032577515
72,302,True,5909,4.2,7.666842222213745
68,285,False,11640,4.2,15.700210094451904
64,268,True,589,4.2,0.60056471824646
67,281,False,16956,4.2,22.3674418926239
70,294,True,3903,4.2,5.815068006515503
66,277,False,9142,4.2,11.816089153289795
69,289,True,12679,4.2,16.200320720672607
72,302,False,6739,4.2,10.454675912857056
75,315,True,6752,4.2,10.100903987884521
64,268,True,9015,4.2,12.000067949295044
67,281,False,5295,4.2,7.233819961547852
70,294,True,12763,4.2,17.71723437309265
73,306,True,9972,4.2,14.869533777236938
69,289,True,12716,4.2,17.33082342147827
72,302,True,16618,4.2,23.683183431625366
68,285,True,12409,4.2,15.224052667617798
71,298,True,6105,4.2,6.799675226211548
74,310,True,6496,4.2,8.540984869003296
70,294,True,8206,4.2,10.667455434799194
73,306,False,18993,4.2,27.221298694610596
76,319,True,19727,4.2,28.78430199623108
72,302,True,5350,4.2,6.866208553314209
75,315,True,6990,4.2,10.184701442718506
78,327,True,14283,4.2,21.548192739486694
74,310,True,6180,4.2,7.631444931030273
77,323,True,5610,4.2,8.489133834838867
73,306,False,10032,4.2,14.95020079612732
69,289,False,15183,4.2,20.280147552490234
72,302,True,12769,4.2,16.417290210723877
75,315,True,4055,4.2,5.967243194580078
78,327,True,18566,4.2,26.734253883361816
74,310,True,3532,4.2,4.512027978897095
63,264,True,896,4.2,1.563216209411621
66,277,True,2387,4.2,2.709505796432495
69,289,False,21141,4.2,26.224608421325684
72,302,True,1598,4.2,2.4511449337005615
75,315,True,3124,4.2,5.099816083908081
71,298,False,14833,4.2,22.006479740142822
74,310,True,15408,4.2,21.55028486251831
70,294,False,21858,4.2,29.040401220321655
73,306,True,3588,4.2,4.282766580581665
69,289,True,7815,4.2,11.451867580413818
72,302,True,9764,4.2,13.516382932662964
75,315,True,3771,4.2,5.883449554443359
78,327,True,5310,4.2,7.181613206863403
74,310,True,4220,4.2,4.948652744293213
63,264,True,819,4.2,1.0901458263397217
66,290,True,4596,4.4,6.300151824951172
69,303,False,8569,4.4,13.71790099143982
72,316,True,2752,4.4,3.565100908279419
68,299,False,8577,4.4,13.131476879119873
71,312,True,19849,4.4,26.633922815322876
74,325,True,3961,4.4,4.482670545578003
77,338,False,12588,4.4,21.93292737007141
73,321,True,634,4.4,1.3430938720703125
76,334,True,5459,4.4,8.26666259765625
79,347,True,16767,4.4,25.95320749282837
75,330,False,13901,4.4,22.211713552474976
71,312,False,14449,4.4,21.918622493743896
74,325,True,5464,4.4,7.800335884094238
70,308,True,12301,4.4,16.83301019668579
73,321,True,11831,4.4,17.86597967147827
76,334,True,1973,4.4,2.9653642177581787
65,286,False,8106,4.4,12.066890716552734
68,299,True,1669,4.4,3.0319230556488037
71,312,True,15906,4.4,22.712512731552124
74,325,False,16457,4.4,27.633161306381226
77,338,True,1246,4.4,1.6333014965057373
73,321,False,13279,4.4,19.199708700180054
69,303,True,2734,4.4,3.6676650047302246
72,316,False,14128,4.4,21.955858945846558
68,299,False,10276,4.4,13.815713167190552
71,312,False,8235,4.4,14.083150386810303
67,294,False,5950,4.4,8.566747665405273
70,308,False,15829,4.4,24.216349840164185
73,321,True,6579,4.4,10.866137981414795
69,303,False,17363,4.4,24.239404439926147
72,316,False,17954,4.4,29.349306106567383
68,299,False,11067,4.4,16.56738543510437
71,312,False,12731,4.4,19.112268447875977
74,325,True,5197,4.4,7.747846841812134
70,308,False,13904,4.4,19.591931343078613
73,321,True,5934,4.4,8.749481201171875
69,303,True,18357,4.4,21.416563272476196
65,286,False,3642,4.4,5.100316047668457
68,299,False,15318,4.4,21.44533061981201
71,312,False,8376,4.4,12.756113290786743
67,294,False,16911,4.4,22.315959692001343
70,308,True,1717,4.4,2.290229320526123
73,321,False,19541,4.4,28.445258378982544
76,334,False,17540,4.4,29.64924693107605
72,316,False,13849,4.4,20.983336925506592
68,299,False,19160,4.4,25.515219926834106
71,312,True,15294,4.4,22.88287115097046
74,325,False,16450,4.4,26.69006872177124
77,338,True,13536,4.4,19.537472248077393
66,290,False,5996,4.4,8.984009981155396
69,303,True,4647,4.4,5.354310989379883
72,316,False,14848,4.4,23.916197538375854
75,330,True,11073,4.4,16.278838872909546
78,343,False,12332,4.4,19.477646589279175
74,325,True,16374,4.4,22.36173963546753
70,308,False,16116,4.4,23.77216148376465
73,321,True,4636,4.4,5.783336639404297
69,303,True,3257,4.4,3.44917368888855
65,286,False,8017,4.4,11.133493423461914
61,268,False,5664,4.4,7.883615732192993
64,281,False,10422,4.4,12.254940748214722
67,294,True,2798,4.4,4.45036768913269
63,277,False,4376,4.4,12.572184801101685
66,290,False,7263,4.4,20.079743146896362
69,303,True,11663,4.4,27.69977641105652
65,286,True,5622,4.4,13.03976583480835
68,299,True,1277,4.4,2.4600963592529297
64,281,True,4255,4.4,11.23927116394043
67,294,True,886,4.4,2.266315460205078
70,308,True,2134,4.4,4.731369495391846
59,259,True,1592,4.4,3.451650857925415
62,272,False,5346,4.4,12.849035024642944
65,286,False,7335,4.4,20.01750922203064
68,299,False,5494,4.4,15.493823766708374
71,312,False,5808,4.4,18.31597399711609
67,294,True,853,4.4,1.7820978164672852
56,246,False,4422,4.4,9.485143423080444
59,259,False,5262,4.4,11.843666315078735
62,272,False,2554,4.4,6.066417932510376
58,255,False,3403,4.4,14.406047344207764
61,268,True,3083,4.4,8.199288606643677
64,281,False,9837,4.4,27.11735224723816
67,294,False,1980,4.4,6.250766277313232
63,277,False,6715,4.4,18.50972890853882
66,290,False,4147,4.4,12.583234310150146
69,303,True,1504,4.4,3.6596055030822754
72,316,True,3676,4.4,9.55608344078064
68,299,True,1263,4.4,3.6492769718170166
71,312,True,2450,4.4,7.490710258483887
67,294,True,444,4.4,1.1305527687072754
70,308,False,8656,4.4,24.067378520965576
73,321,True,7292,4.4,20.712468147277832
69,303,True,11285,4.4,29.086854934692383
72,316,True,313,4.4,1.014932632446289
61,268,True,460,4.4,0.9315321445465088
64,281,False,11762,4.4,27.114341735839844
67,294,False,10595,4.4,29.492064714431763
70,308,True,9425,4.4,25.664215087890625
59,259,False,2483,4.4,11.085627794265747
62,272,False,5405,4.4,13.032387495040894
65,299,False,5328,4.6,15.168162822723389
68,312,False,6453,4.6,19.994386434555054
64,294,True,3888,4.6,9.084993124008179
67,308,False,10694,4.6,28.830986738204956
63,289,False,2717,4.6,8.734562873840332
66,303,False,9653,4.6,28.613455295562744
69,317,True,9127,4.6,23.676401138305664
72,331,False,7745,4.6,23.283291339874268
68,312,False,11122,4.6,29.434388875961304
64,294,False,10963,4.6,24.883140325546265
67,308,True,2196,4.6,5.846738815307617
63,289,False,5761,4.6,14.191307783126831
66,303,False,6846,4.6,19.746894598007202
69,317,True,7559,4.6,20.283039808273315
72,331,False,8712,4.6,26.234941482543945
68,312,False,7656,4.6,20.69930601119995
64,294,False,7471,4.6,18.135172605514526
67,308,False,10864,4.6,29.77666997909546
70,322,False,7520,4.6,22.21651792526245
66,303,False,4880,4.6,13.214392185211182
62,285,True,249,4.6,1.8616318702697754
65,299,True,3732,4.6,13.708514213562012
68,312,False,8803,4.6,24.380154132843018
71,326,True,5959,4.6,13.198363542556763
74,340,True,7034,4.6,18.819432497024536
77,354,False,8305,4.6,27.13360071182251
66,303,False,6752,4.6,17.316598415374756
69,317,False,4081,4.6,11.799476861953735
72,331,False,3702,4.6,10.900253295898438
68,312,True,1066,4.6,1.8832037448883057
64,294,True,1133,4.6,3.532496452331543
67,308,False,7806,4.6,21.62652039527893
70,322,True,813,4.6,1.5425350666046143
66,303,False,8434,4.6,22.066467761993408
62,285,True,2795,4.6,6.198241472244263
58,266,False,1445,4.6,2.9568932056427
61,280,False,2679,4.6,6.900597095489502
64,294,False,5760,4.6,14.41283130645752
67,308,False,6240,4.6,17.59952473640442
63,289,True,1387,4.6,2.9999923706054688
66,303,False,4257,4.6,11.476505994796753
69,317,False,10072,4.6,27.152918577194214
72,331,False,6592,4.6,19.550125122070312
61,280,False,3905,4.6,10.09128713607788
64,294,False,3520,4.6,9.09962272644043
67,308,True,3799,4.6,9.971938610076904
70,322,False,10139,4.6,27.764607667922974
66,303,False,8007,4.6,20.037017822265625
69,317,False,8490,4.6,23.284802198410034
65,299,False,6859,4.6,18.196145057678223
61,280,False,9205,4.6,20.578534364700317
64,294,True,841,4.6,1.898331642150879
67,308,False,9295,4.6,23.25687885284424
70,322,False,9765,4.6,27.450196027755737
66,303,False,2099,4.6,5.150169134140015
62,285,False,7095,4.6,16.132373571395874
65,299,False,10861,4.6,26.26766848564148
61,280,False,9018,4.6,19.46735954284668
64,294,False,6508,4.6,15.754210233688354
67,308,True,4912,4.6,12.088892221450806
63,289,False,7660,4.6,17.525074005126953
66,303,False,4956,4.6,11.869161605834961
69,317,True,86,4.6,0.16725468635559082
65,299,False,3577,4.6,10.283782958984375
61,280,True,9803,4.6,20.74437141418457
64,294,False,4758,4.6,12.127493619918823
60,276,False,4582,4.6,10.342804193496704
63,289,False,6927,4.6,17.503875970840454
66,303,False,5598,4.6,13.783381223678589
62,285,False,2706,4.6,6.299784183502197
65,299,False,6532,4.6,17.016466856002808
68,312,False,8631,4.6,22.13985800743103
64,294,False,7118,4.6,16.361520051956177
67,308,True,1397,4.6,4.202102899551392
70,322,False,8016,4.6,21.833795309066772
59,271,False,5801,4.6,12.931530237197876
62,285,False,7850,4.6,19.233267784118652
65,299,False,11410,4.6,26.096571922302246
68,312,False,6169,4.6,17.434742212295532
71,326,False,6094,4.6,17.860618114471436
74,340,True,2952,4.6,7.61400294303894
63,289,False,4120,4.6,16.516671180725098
59,271,True,4042,4.6,8.382858037948608
62,285,False,5641,4.6,14.058861017227173
65,299,False,4617,4.6,12.09287405014038
68,312,False,9728,4.6,24.53304433822632
64,294,True,4217,4.6,10.165983438491821
67,308,False,2396,4.6,6.800073623657227
63,289,False,3252,4.6,8.199229955673218
66,303,False,9942,4.6,27.184953212738037
69,317,False,7325,4.6,18.84990096092224
65,299,False,8761,4.6,23.03579306602478
61,280,False,11150,4.6,24.283077239990234
64,294,False,4186,4.6,9.950940608978271
67,308,False,7230,4.6,19.946354389190674
70,322,False,6098,4.6,17.566150903701782
66,303,False,9099,4.6,25.624553442001343
62,285,False,6285,4.6,16.198695182800293
65,299,False,8172,4.6,21.88357138633728
68,312,False,11003,4.6,28.633082151412964
71,340,False,8756,4.8,25.666927576065063
60,288,False,5587,4.8,14.449724912643433
63,302,False,3840,4.8,10.21634578704834
66,316,False,7602,4.8,20.63062310218811
69,331,False,6855,4.8,19.952409982681274
65,312,False,6258,4.8,16.416274785995483
68,326,False,3293,4.8,10.479591131210327
71,340,False,8123,4.8,22.583893299102783
74,355,False,4330,4.8,15.622191905975342
63,302,False,6622,4.8,15.571132898330688
66,316,False,4802,4.8,11.957920789718628
69,331,True,107,4.8,0.24048161506652832
65,312,False,4639,4.8,12.90526008605957
61,292,False,13120,4.8,29.882594347000122
64,307,False,8224,4.8,21.033005237579346
60,288,False,9252,4.8,23.572792291641235
63,302,False,6226,4.8,15.235032558441162
66,316,False,7278,4.8,19.33889150619507
62,297,False,4521,4.8,11.150198221206665
65,312,True,3083,4.8,7.375298023223877
68,326,False,11595,4.8,29.943357229232788
71,340,False,8209,4.8,25.306405305862427
60,288,False,1504,4.8,4.456620693206787
63,302,False,4709,4.8,11.96778678894043
66,316,False,6607,4.8,18.310131788253784
69,331,False,8973,4.8,26.715078115463257
72,345,False,5652,4.8,15.912952184677124
68,326,False,10228,4.8,26.499306678771973
71,340,False,6136,4.8,19.799785614013672
74,355,False,6537,4.8,21.16728448867798
70,336,False,8807,4.8,26.939916610717773
66,316,False,3077,4.8,9.499709129333496
69,331,False,8970,4.8,25.315035581588745
65,312,False,3873,4.8,10.450345993041992
68,326,False,5626,4.8,16.841671228408813
71,340,False,6398,4.8,22.721359252929688
67,321,False,6160,4.8,16.98332667350769
70,336,False,3157,4.8,10.485295534133911
66,316,False,3473,4.8,9.754517078399658
69,331,False,3518,4.8,10.638969659805298
65,312,False,4875,4.8,13.697297811508179
68,326,False,10044,4.8,28.319429874420166
71,340,False,7795,4.8,24.46787142753601
67,321,False,6426,4.8,20.029932975769043
70,336,False,8005,4.8,23.804079294204712
66,316,False,7481,4.8,20.42535972595215
69,331,False,2786,4.8,7.816765308380127
72,345,False,4159,4.8,13.833979368209839
68,326,False,5542,4.8,18.17212986946106
64,307,False,3507,4.8,8.821224451065063
67,321,False,3613,4.8,13.583797216415405
70,336,True,319,4.8,0.8658742904663086
73,350,False,3811,4.8,14.020396947860718
76,364,False,7772,4.8,25.850703716278076
72,345,False,7817,4.8,23.167255878448486
61,292,False,5884,4.8,15.950642824172974
64,307,False,5594,4.8,15.883509397506714
67,321,False,7233,4.8,18.39893341064453
70,336,False,6970,4.8,21.314812421798706
73,350,False,7997,4.8,23.7490177154541
69,331,False,4565,4.8,13.801123142242432
65,312,False,8586,4.8,22.13499617576599
61,292,False,2604,4.8,6.616087436676025
64,307,False,4241,4.8,12.516936540603638
67,321,False,926,4.8,3.600067615509033
63,302,False,4587,4.8,12.472926378250122
66,316,False,965,4.8,2.616879940032959
62,297,False,2560,4.8,7.346278429031372
65,312,False,4616,4.8,13.043390035629272
68,326,False,9278,4.8,29.668474674224854
71,340,False,4407,4.8,12.526890993118286
60,288,False,2683,4.8,7.299462795257568
63,302,False,3976,4.8,10.983675718307495
66,316,False,6942,4.8,19.832407474517822
69,331,False,9195,4.8,29.367557525634766
72,345,False,5141,4.8,17.483506679534912
68,326,False,6068,4.8,19.349454402923584
71,340,False,8055,4.8,22.964604377746582
67,321,False,5951,4.8,16.649601936340332
70,336,False,8050,4.8,23.60896372795105
73,350,False,4890,4.8,15.455068588256836
69,331,False,8897,4.8,27.259519338607788
72,345,False,8731,4.8,28.049055337905884
68,326,False,6476,4.8,18.6320698261261
64,307,False,6909,4.8,18.23352575302124
67,321,False,5591,4.8,15.403350591659546
63,302,False,3814,4.8,11.282707929611206
59,283,False,2643,4.8,7.231825828552246
62,297,False,3110,4.8,8.659288167953491
65,312,False,7693,4.8,20.91687273979187
68,326,False,4369,4.8,12.533187866210938
64,307,False,2188,4.8,6.687072515487671
67,321,False,6402,4.8,17.799884796142578
63,302,False,1850,4.8,4.50128698348999
66,316,False,7659,4.8,19.765066623687744
69,331,False,4365,4.8,12.981807470321655
72,345,False,9507,4.8,29.639416933059692
68,326,False,3146,4.8,9.542764663696289
64,307,False,4841,4.8,13.066866159439087
67,321,False,7808,4.8,20.760109424591064
70,350,False,8816,5.0,29.73329997062683
66,330,False,7087,5.0,21.290966749191284
69,345,False,4773,5.0,15.394019842147827
65,325,False,4358,5.0,12.29991364479065
68,340,False,7458,5.0,22.648505687713623
71,355,False,6779,5.0,21.84442639350891
74,370,False,8265,5.0,28.10628914833069
70,350,False,8566,5.0,26.5577871799469
73,365,False,5374,5.0,18.702478408813477
69,345,False,6882,5.0,21.816614627838135
72,360,False,3762,5.0,12.118143796920776
68,340,False,5012,5.0,18.166324138641357
71,355,False,5292,5.0,17.119418144226074
67,335,False,7613,5.0,22.816808700561523
70,350,False,6617,5.0,19.910208702087402
73,365,False,5564,5.0,17.33319091796875
76,380,False,7974,5.0,28.9310884475708
65,325,False,1801,5.0,4.162858724594116
68,340,False,4933,5.0,16.849908590316772
71,355,False,5218,5.0,17.163800477981567
67,335,False,6621,5.0,20.433973789215088
70,350,False,5933,5.0,17.684528589248657
66,330,False,6274,5.0,18.813414812088013
62,310,False,3273,5.0,7.756177663803101
65,325,False,1739,5.0,5.868363857269287
68,340,False,1724,5.0,6.2739996910095215
71,355,False,9056,5.0,28.835723876953125
67,335,False,8181,5.0,27.049752473831177
70,350,False,6957,5.0,22.58344864845276
66,330,False,6257,5.0,21.166749954223633
69,345,False,5372,5.0,15.769532680511475
72,360,False,8264,5.0,25.660693407058716
68,340,False,5236,5.0,15.705897331237793
64,320,False,4925,5.0,13.466754913330078
67,335,False,6871,5.0,23.699702501296997
70,350,False,6288,5.0,20.183080673217773
66,330,False,4602,5.0,15.784156084060669
69,345,False,3921,5.0,12.01926851272583
72,360,False,6213,5.0,23.433874368667603
75,375,False,5961,5.0,19.97585940361023
64,320,False,5100,5.0,15.48874807357788
67,335,False,7223,5.0,20.568185567855835
70,350,False,5838,5.0,20.180339097976685
73,365,False,6342,5.0,22.910421133041382
69,345,False,6578,5.0,20.402600049972534
72,360,False,4781,5.0,16.88496994972229
75,375,False,8681,5.0,29.117674827575684
64,320,False,5152,5.0,15.367431402206421
67,335,False,7304,5.0,20.79909873008728
70,350,False,7151,5.0,23.47990846633911
66,330,False,6500,5.0,19.847381591796875
69,345,False,3859,5.0,11.147339820861816
65,325,False,6190,5.0,17.235435962677002
68,340,False,3037,5.0,10.033905744552612
71,355,False,8795,5.0,27.175647974014282
67,335,False,4206,5.0,13.3785080909729
63,315,False,2412,5.0,7.487826824188232
66,330,False,1079,5.0,3.0639050006866455
69,345,False,6227,5.0,19.12516498565674
65,325,False,7834,5.0,21.9801344871521
68,340,False,4239,5.0,14.806359052658081
64,320,False,3938,5.0,11.835047721862793
67,335,False,2924,5.0,8.214887619018555
70,350,False,4907,5.0,16.63126540184021
73,365,False,5299,5.0,18.243382453918457
69,345,False,4147,5.0,20.09211015701294
72,360,False,3965,5.0,15.5498628616333
68,340,False,6181,5.0,18.939919471740723
71,355,False,4904,5.0,15.766469478607178
67,335,False,4170,5.0,14.201220989227295
63,315,False,2319,5.0,6.367699861526489
66,330,False,4263,5.0,13.999601125717163
69,345,False,2666,5.0,7.8657615184783936
72,360,False,4847,5.0,16.2501060962677
68,340,False,4883,5.0,15.297799825668335
71,355,False,3708,5.0,13.133519411087036
67,335,False,7866,5.0,22.082653522491455
70,350,False,5708,5.0,16.88290238380432
73,365,False,5996,5.0,19.34903836250305
62,310,False,1196,5.0,4.63270902633667
65,325,False,2156,5.0,6.591299295425415
68,340,False,5683,5.0,16.007341146469116
64,320,False,1289,5.0,4.78404974937439
67,335,True,4891,5.0,15.568605661392212
70,350,False,6420,5.0,20.15024209022522
73,365,False,5682,5.0,19.457477569580078
69,345,False,4662,5.0,14.415767908096313
72,360,False,7011,5.0,24.191177368164062
68,340,False,4295,5.0,13.581000328063965
71,355,False,5748,5.0,19.649107217788696
74,370,False,8448,5.0,29.332256317138672
70,350,False,2581,5.0,8.64901065826416
73,365,False,3467,5.0,12.383349895477295
76,380,False,5508,5.0,20.081339836120605
72,360,False,8418,5.0,25.849878072738647
75,375,False,8137,5.0,28.30689811706543
71,355,False,8812,5.0,29.16390609741211
74,370,False,7429,5.0,24.673439264297485
70,350,False,7597,5.0,24.333414316177368
73,365,False,5903,5.0,19.366760969161987
62,322,False,1226,5.2,3.275651454925537
65,338,False,3153,5.2,10.898666858673096
68,353,False,4882,5.2,16.97120690345764
71,369,False,7563,5.2,24.1177875995636
67,348,False,1354,5.2,4.206107139587402
70,364,False,3477,5.2,13.150057554244995
73,379,False,5235,5.2,19.01656985282898
69,358,False,5713,5.2,17.8406343460083
72,374,False,5824,5.2,20.38913893699646
68,353,False,1702,5.2,5.032684564590454
64,332,False,3556,5.2,10.101552963256836
67,348,False,994,5.2,3.667792320251465
70,364,False,5274,5.2,18.615235328674316
73,379,False,8335,5.2,28.867310523986816
62,322,False,4101,5.2,11.20322585105896
65,338,False,4375,5.2,13.701723575592041
68,353,False,6053,5.2,20.49986433982849
71,369,False,7838,5.2,24.684629201889038
67,348,False,5768,5.2,17.84542465209961
70,364,False,7345,5.2,25.3570294380188
73,379,False,4917,5.2,18.65013813972473
76,395,False,5671,5.2,21.88109040260315
72,374,False,2625,5.2,10.40396761894226
75,390,False,5405,5.2,18.999845504760742
71,369,False,7270,5.2,24.933090925216675
74,384,False,7196,5.2,26.21476125717163
77,400,False,4851,5.2,18.28476905822754
80,416,False,3545,5.2,16.18946361541748
69,358,False,4654,5.2,14.283928155899048
65,338,False,2114,5.2,6.966809034347534
68,353,False,7125,5.2,24.432793140411377
71,369,False,6366,5.2,24.13280963897705
67,348,False,4250,5.2,12.465412855148315
70,364,False,5303,5.2,18.283334493637085
73,379,False,7160,5.2,24.15159845352173
69,358,False,8386,5.2,27.920165538787842
65,338,False,4646,5.2,13.48227834701538
68,353,False,6769,5.2,22.346272468566895
64,332,False,1500,5.2,4.899797439575195
67,348,False,2485,5.2,7.94157075881958
70,364,False,2711,5.2,9.199646949768066
66,343,False,4335,5.2,13.910892724990845
69,358,False,3693,5.2,13.61348032951355
72,374,False,9300,5.2,29.616313695907593
75,390,False,4850,5.2,20.333219051361084
78,405,False,4302,5.2,17.482150316238403
74,384,False,5448,5.2,20.549912929534912
77,400,False,6865,5.2,23.6414577960968
66,343,False,7288,5.2,21.775294542312622
69,358,False,2276,5.2,8.071202039718628
72,374,False,4516,5.2,16.233134746551514
68,353,False,4503,5.2,14.260124206542969
71,369,False,4305,5.2,16.100264310836792
60,312,False,1146,5.2,4.323483467102051
63,327,False,1142,5.2,3.033449649810791
66,343,False,6699,5.2,19.883363723754883
69,358,False,3315,5.2,10.713793277740479
65,338,False,3160,5.2,9.754487991333008
68,353,False,5981,5.2,19.540364980697632
71,369,False,5071,5.2,18.350054025650024
74,384,False,7444,5.2,27.110315322875977
63,327,False,4095,5.2,11.74962306022644
66,343,False,4207,5.2,14.299571752548218
69,358,False,5264,5.2,15.966566562652588
72,374,False,7148,5.2,25.682838678359985
68,353,False,3427,5.2,11.10100507736206
71,369,False,4179,5.2,16.199597120285034
74,384,False,6250,5.2,21.629778385162354
77,400,False,3494,5.2,14.689351081848145
73,379,False,4473,5.2,16.56695318222046
69,358,False,5303,5.2,18.950002431869507
72,374,False,5421,5.2,18.84967827796936
75,390,False,4100,5.2,15.033363103866577
71,369,False,5928,5.2,19.242006301879883
74,384,False,8093,5.2,29.27786636352539
70,364,False,6446,5.2,25.68463110923767
66,343,False,5017,5.2,15.48577070236206
69,358,False,3242,5.2,11.950455904006958
65,338,False,6582,5.2,20.86665940284729
68,353,False,3179,5.2,10.1947021484375
71,369,False,6975,5.2,22.819689512252808
67,348,False,5166,5.2,15.175849914550781
63,327,False,1178,5.2,4.81681752204895
66,343,False,4037,5.2,12.650684118270874
69,358,False,4926,5.2,16.733594179153442
72,374,False,6937,5.2,22.349097728729248
68,353,False,7029,5.2,28.06696629524231
64,332,False,5825,5.2,17.263879776000977
67,348,False,3020,5.2,10.127171754837036
63,327,False,4509,5.2,12.76731276512146
66,343,False,2909,5.2,9.41609525680542
69,358,False,3205,5.2,10.684688568115234
72,374,False,6928,5.2,22.54546809196472
68,353,False,1502,5.2,4.6993725299835205
64,332,False,5310,5.2,18.048315048217773
67,348,False,8166,5.2,27.617980241775513
70,364,False,8005,5.2,26.7387855052948
73,379,False,7021,5.2,26.166208267211914
69,358,False,2784,5.2,8.899970293045044
72,374,False,4970,5.2,18.300276517868042
68,367,False,1762,5.4,6.791955471038818
71,383,True,1038,5.4,3.2615370750427246
74,399,False,7107,5.4,27.80328130722046
70,378,False,5321,5.4,19.990355968475342
73,394,False,7262,5.4,27.173304557800293
69,372,False,4046,5.4,14.729199647903442
72,388,False,8075,5.4,27.91983652114868
75,405,False,7354,5.4,28.65323305130005
71,383,False,3190,5.4,11.847350835800171
67,361,False,5380,5.4,18.383867740631104
70,378,False,6083,5.4,22.99070453643799
66,356,False,3865,5.4,13.796695947647095
69,372,False,3852,5.4,13.099398136138916
72,388,False,1998,5.4,7.4338698387146
75,405,False,6573,5.4,26.05239701271057
78,421,False,6670,5.4,26.35984444618225
81,437,False,7420,5.4,29.618211030960083
70,378,False,3404,5.4,13.372343301773071
73,394,False,6211,5.4,23.418823719024658
62,334,False,4998,5.4,14.380608797073364
65,351,False,6162,5.4,19.496902227401733
68,367,False,3371,5.4,13.266577243804932
71,383,False,6264,5.4,22.903011083602905
74,399,False,7629,5.4,29.243154525756836
70,378,False,3454,5.4,12.446789264678955
73,394,False,1972,5.4,6.637487173080444
76,410,False,5997,5.4,25.761529445648193
72,388,False,5323,5.4,21.349780797958374
75,405,False,6875,5.4,27.17106533050537
78,421,False,7172,5.4,28.812662601470947
81,437,False,6061,5.4,28.64951515197754
70,378,False,1899,5.4,6.948852777481079
73,394,False,4251,5.4,16.465283632278442
76,410,False,5328,5.4,22.853434801101685
79,426,False,5492,5.4,24.685415267944336
68,367,False,2388,5.4,9.99873161315918
71,383,False,3056,5.4,11.331226110458374
74,399,False,5885,5.4,22.47776198387146
70,378,False,5934,5.4,21.217967748641968
73,394,False,6226,5.4,21.580512285232544
76,410,False,2178,5.4,7.367107152938843
79,426,False,5950,5.4,26.8607759475708
82,442,False,5952,5.4,27.745370626449585
78,421,False,5241,5.4,22.73180603981018
74,399,False,5309,5.4,22.11433482170105
77,415,False,3256,5.4,14.582849740982056
66,356,False,1781,5.4,6.241937637329102
69,372,False,5047,5.4,17.949522495269775
72,388,False,7160,5.4,25.782726526260376
68,367,False,2496,5.4,7.465122938156128
71,383,False,4000,5.4,15.0992271900177
74,399,False,3274,5.4,12.63718318939209
77,415,False,5509,5.4,24.319373846054077
80,432,False,6812,5.4,27.233980655670166
76,410,False,2954,5.4,12.41568899154663
79,426,False,5149,5.4,24.498878955841064
75,405,False,5171,5.4,19.433417320251465
78,421,False,2753,5.4,12.536294937133789
74,399,False,3779,5.4,13.45612907409668
77,415,True,1090,5.4,3.766693353652954
73,394,False,2860,5.4,10.699273824691772
69,372,False,5095,5.4,19.001765727996826
65,351,False,2888,5.4,11.739624261856079
68,367,False,8555,5.4,29.53147578239441
71,383,False,2629,5.4,9.483561754226685
67,361,False,3059,5.4,13.048365831375122
70,378,False,4398,5.4,16.083214044570923
73,394,False,6029,5.4,23.17116141319275
76,410,False,4131,5.4,17.42638850212097
72,388,False,5781,5.4,21.448901891708374
75,405,False,4418,5.4,18.63338541984558
78,421,False,4950,5.4,22.199898719787598
81,437,False,5755,5.4,24.83283281326294
77,415,False,4669,5.4,18.79854989051819
73,394,False,6000,5.4,24.144433736801147
76,410,False,5894,5.4,24.71670413017273
65,351,False,5598,5.4,18.555639266967773
68,367,False,6950,5.4,24.099735498428345
71,383,False,5099,5.4,18.87205719947815
67,361,False,4254,5.4,14.833300352096558
70,378,False,940,5.4,3.9509360790252686
66,356,False,2640,5.4,8.388508319854736
69,372,False,6721,5.4,21.933260440826416
72,388,False,6781,5.4,23.567458152770996
75,405,False,7228,5.4,26.12311577796936
78,421,False,4331,5.4,18.399660110473633
74,399,False,5686,5.4,22.165181875228882
70,378,False,5394,5.4,19.166459560394287
73,394,False,5507,5.4,21.01341485977173
76,410,False,5330,5.4,19.280552625656128
65,351,False,3827,5.4,12.313886642456055
68,367,False,5612,5.4,20.931694984436035
71,383,False,3135,5.4,12.333283424377441
74,399,False,3209,5.4,12.61829924583435
77,415,False,4552,5.4,18.409345388412476
73,394,False,5686,5.4,22.843269109725952
76,410,False,4594,5.4,18.416756868362427
72,388,False,2574,5.4,10.666553497314453
75,405,False,7255,5.4,29.066234588623047
78,421,False,3960,5.4,16.764281034469604
81,453,False,5566,5.6,26.589292764663696
70,392,False,4637,5.6,22.578065872192383
73,408,False,6442,5.6,25.872699975967407
76,425,False,5709,5.6,24.83092975616455
72,403,False,3382,5.6,13.416062355041504
75,420,False,2516,5.6,13.16985034942627
78,436,False,6167,5.6,26.416157007217407
74,414,False,5274,5.6,24.168368339538574
77,431,False,3341,5.6,14.730252742767334
80,448,False,3697,5.6,17.317811250686646
83,464,False,4719,5.6,23.403377771377563
72,403,False,5597,5.6,21.799694538116455
75,420,False,1545,5.6,6.931596517562866
71,397,False,3314,5.6,14.28753113746643
74,414,False,4097,5.6,16.931427240371704
77,431,False,4485,5.6,19.720628023147583
80,448,False,4930,5.6,22.431833744049072
76,425,False,5691,5.6,22.41358208656311
79,442,False,3430,5.6,17.179202795028687
75,420,False,2079,5.6,8.366501092910767
71,397,False,3100,5.6,12.134581327438354
74,414,False,7224,5.6,29.32040286064148
77,431,False,6135,5.6,27.182480812072754
73,408,False,3716,5.6,14.148339033126831
76,425,False,6054,5.6,27.40129280090332
72,403,False,4357,5.6,18.91750144958496
75,420,False,4118,5.6,17.90040874481201
64,358,False,2186,5.6,8.927187204360962
67,375,False,1018,5.6,4.015953302383423
70,392,False,3604,5.6,14.517045021057129
73,408,False,6843,5.6,29.40046000480652
76,425,False,5967,5.6,24.11573028564453
65,364,False,3765,5.6,13.383436441421509
68,380,False,5073,5.6,18.849303007125854
71,397,False,3197,5.6,13.418060064315796
74,414,False,3662,5.6,14.150510311126709
77,431,False,5512,5.6,22.395766973495483
80,448,False,5345,5.6,25.683298587799072
83,464,False,5999,5.6,29.716953992843628
72,403,False,2870,5.6,11.282603740692139
75,420,False,5402,5.6,21.982629776000977
78,436,False,5296,5.6,24.86589503288269
74,414,False,4684,5.6,19.033849477767944
77,431,False,5881,5.6,25.03358244895935
66,369,False,3161,5.6,11.549971580505371
69,386,False,7142,5.6,25.915581226348877
72,403,False,2448,5.6,10.92133092880249
75,420,False,3586,5.6,14.683080911636353
78,436,False,4267,5.6,18.733402967453003
81,453,False,6773,5.6,29.900091886520386
84,470,False,5446,5.6,25.815979480743408
73,408,False,3789,5.6,15.416188716888428
76,425,False,2873,5.6,11.618352890014648
79,442,False,4677,5.6,21.41598606109619
82,459,False,5296,5.6,25.44915461540222
71,397,False,3428,5.6,13.983208417892456
74,414,False,4796,5.6,19.194664239883423
77,431,False,4179,5.6,25.833563089370728
80,448,False,4517,5.6,22.43402409553528
69,386,False,2889,5.6,29.664862155914307
72,403,False,2494,5.6,16.933894157409668
75,420,False,3669,5.6,22.305876970291138
71,397,False,909,5.6,4.216055870056152
74,414,False,6342,5.6,25.281981945037842
70,392,False,3239,5.6,12.465142250061035
73,408,False,5302,5.6,19.854947805404663
76,425,False,6797,5.6,29.64278268814087
72,403,False,4850,5.6,19.61122751235962
75,420,False,6983,5.6,29.1336452960968
78,436,False,3266,5.6,13.066288709640503
74,414,False,5794,5.6,23.283174991607666
70,392,False,4997,5.6,19.610734701156616
73,408,False,4640,5.6,19.58156704902649
76,425,False,5839,5.6,22.02344036102295
72,403,False,2669,5.6,10.556485652923584
75,420,False,4914,5.6,19.770882606506348
78,436,False,5462,5.6,24.78347373008728
74,414,False,2848,5.6,13.000099658966064
77,431,False,5705,5.6,25.96642565727234
80,448,False,4350,5.6,21.71072292327881
83,464,False,6054,5.6,27.299826860427856
72,403,False,4018,5.6,16.045560836791992
68,380,False,2753,5.6,10.75033950805664
71,397,False,3776,5.6,14.31133770942688
74,414,False,6083,5.6,24.435389041900635
70,392,False,2354,5.6,9.77230429649353
73,408,False,5657,5.6,23.233805418014526
76,425,False,3276,5.6,15.02445673942566
79,442,False,5913,5.6,24.027897596359253
82,459,False,5523,5.6,27.34985327720642
78,436,False,4699,5.6,19.817744493484497
81,453,False,4971,5.6,24.16695284843445
70,392,False,3135,5.6,12.683102130889893
73,408,False,3597,5.6,15.36323595046997
76,425,False,4324,5.6,18.05680203437805
79,442,False,4746,5.6,22.9001362323761
82,459,False,4934,5.6,19.999507427215576
64,358,False,3256,5.6,11.384769201278687
67,375,False,2900,5.6,11.16615629196167
70,392,False,1621,5.6,5.849687337875366
73,423,False,6029,5.800000000000001,26.016234397888184
69,400,False,2190,5.800000000000001,8.616635799407959
72,417,False,4166,5.800000000000001,17.635773420333862
75,435,False,5330,5.800000000000001,22.43999218940735
78,452,False,4545,5.800000000000001,21.736592054367065
74,429,False,2793,5.800000000000001,13.230176210403442
77,446,False,4835,5.800000000000001,22.87332582473755
73,423,False,2807,5.800000000000001,11.099316835403442
76,440,False,6285,5.800000000000001,29.3366117477417
79,458,False,1455,5.800000000000001,7.233378171920776
82,475,False,6251,5.800000000000001,29.177478313446045
78,452,False,6954,5.800000000000001,28.999474048614502
81,469,False,3829,5.800000000000001,18.236518621444702
77,446,False,1359,5.800000000000001,6.077952861785889
73,423,False,5618,5.800000000000001,29.168936491012573
76,440,False,3369,5.800000000000001,15.799708604812622
72,417,False,3659,5.800000000000001,14.997311115264893
75,435,False,1981,5.800000000000001,8.473119020462036
78,452,False,3617,5.800000000000001,17.749967575073242
74,429,False,2927,5.800000000000001,11.967820167541504
77,446,False,6267,5.800000000000001,27.935180187225342
73,423,False,2919,5.800000000000001,13.158790826797485
76,440,False,4448,5.800000000000001,20.23316502571106
72,417,False,1215,5.800000000000001,4.66311502456665
75,435,False,5615,5.800000000000001,24.38205075263977
71,411,False,2463,5.800000000000001,9.571672916412354
74,429,False,6170,5.800000000000001,24.448628187179565
77,446,False,5064,5.800000000000001,21.355478286743164
73,423,False,2876,5.800000000000001,10.997846603393555
76,440,False,2268,5.800000000000001,10.166741132736206
79,458,False,4764,5.800000000000001,22.96036124229431
82,475,False,4541,5.800000000000001,20.91650938987732
71,411,False,1860,5.800000000000001,7.456564903259277
74,429,False,3883,5.800000000000001,16.58408546447754
77,446,False,6320,5.800000000000001,28.860092639923096
73,423,False,3493,5.800000000000001,14.251622438430786
76,440,False,3208,5.800000000000001,16.561595678329468
72,417,False,4257,5.800000000000001,17.766034364700317
75,435,False,697,5.800000000000001,3.2160568237304688
78,452,False,5287,5.800000000000001,25.497106552124023
74,429,False,2695,5.800000000000001,12.766307592391968
77,446,False,4224,5.800000000000001,19.418232679367065
73,423,False,2398,5.800000000000001,11.874138116836548
76,440,False,3317,5.800000000000001,15.508811712265015
79,458,False,5244,5.800000000000001,24.910967588424683
75,435,False,3022,5.800000000000001,14.016763925552368
78,452,False,2155,5.800000000000001,9.746654987335205
74,429,False,2326,5.800000000000001,9.799683332443237
77,446,False,2814,5.800000000000001,13.900577068328857
80,464,False,4507,5.800000000000001,20.367490530014038
76,440,False,4997,5.800000000000001,23.41583275794983
72,417,False,2972,5.800000000000001,12.915224075317383
68,394,False,4028,5.800000000000001,16.165323972702026
71,411,False,2417,5.800000000000001,9.883767127990723
74,429,False,4250,5.800000000000001,20.249322652816772
77,446,False,2809,5.800000000000001,13.860684156417847
73,423,False,2016,5.800000000000001,8.947946786880493
69,400,False,2958,5.800000000000001,11.53298282623291
72,417,False,7295,5.800000000000001,28.900769233703613
75,435,False,4109,5.800000000000001,20.137243032455444
78,452,False,5544,5.800000000000001,25.82746911048889
74,429,False,2473,5.800000000000001,11.77124285697937
70,406,False,2035,5.800000000000001,8.363102674484253
73,423,False,4023,5.800000000000001,18.650745391845703
76,440,False,4735,5.800000000000001,21.4284827709198
79,458,False,2226,5.800000000000001,10.670831441879272
68,394,False,4717,5.800000000000001,18.384987592697144
71,411,False,3448,5.800000000000001,16.03754496574402
60,348,False,1325,5.800000000000001,9.968680143356323
63,365,False,2483,5.800000000000001,18.529041528701782
66,382,False,1920,5.800000000000001,17.747164487838745
69,400,False,3661,5.800000000000001,26.915916681289673
72,417,False,4647,5.800000000000001,27.478631019592285
68,394,False,4433,5.800000000000001,27.76753044128418
71,411,False,3269,5.800000000000001,19.220832586288452
74,429,False,3061,5.800000000000001,20.34758496284485
70,406,False,4858,5.800000000000001,23.985621452331543
66,382,False,1998,5.800000000000001,8.56549596786499
69,400,False,1782,5.800000000000001,8.402448415756226
72,417,False,2616,5.800000000000001,14.206136226654053
75,435,False,5698,5.800000000000001,25.632667541503906
71,411,False,3207,5.800000000000001,13.880695343017578
74,429,False,3408,5.800000000000001,16.627463817596436
70,406,False,1813,5.800000000000001,7.873740911483765
73,423,False,2319,5.800000000000001,10.349823951721191
69,400,False,3212,5.800000000000001,12.860408067703247
72,417,False,3092,5.800000000000001,13.165907382965088
75,435,False,4051,5.800000000000001,19.118786573410034
71,411,False,920,5.800000000000001,3.698958396911621
74,429,False,1610,5.800000000000001,7.849056720733643
70,406,False,1921,5.800000000000001,8.035032033920288
73,423,False,3481,5.800000000000001,14.340294122695923
76,440,False,3171,5.800000000000001,14.802616596221924
72,417,False,4038,5.800000000000001,17.714715003967285
75,435,False,2081,5.800000000000001,10.340928316116333
71,411,False,1968,5.800000000000001,9.640007495880127
74,429,False,2661,5.800000000000001,11.260619401931763
77,446,False,4631,5.800000000000001,23.25096583366394
73,423,False,5016,5.800000000000001,22.468104124069214
76,440,False,6843,5.800000000000001,28.952165126800537
79,474,False,3887,6.0,21.490779399871826
82,492,False,3335,6.0,18.584886074066162
78,468,False,5750,6.0,29.39903497695923
74,444,False,2413,6.0,13.18973183631897
77,462,False,2769,6.0,13.583685874938965
80,480,False,4923,6.0,24.932986974716187
76,456,False,3802,6.0,18.716820001602173
79,474,False,3925,6.0,20.582728624343872
82,492,False,4455,6.0,23.21307611465454
78,468,False,3193,6.0,14.95012092590332
74,444,False,3535,6.0,15.3344407081604
77,462,False,3895,6.0,19.391573667526245
73,438,False,6035,6.0,23.952850103378296
76,456,False,2730,6.0,14.306423664093018
79,474,False,5291,6.0,26.834959506988525
82,492,False,3731,6.0,20.242724895477295
78,468,False,2386,6.0,13.397359609603882
81,486,False,3953,6.0,19.9552059173584
84,504,False,1438,6.0,8.048745155334473
80,480,False,4178,6.0,19.55018663406372
76,456,False,3604,6.0,17.96631956100464
79,474,False,5784,6.0,28.05928874015808
82,492,False,2328,6.0,12.87063980102539
85,510,False,3018,6.0,14.478188037872314
74,444,False,2526,6.0,12.416850090026855
77,462,False,1276,6.0,7.642892360687256
73,438,False,2944,6.0,12.950419187545776
76,456,False,3167,6.0,15.250213146209717
72,432,False,3675,6.0,14.250228881835938
75,450,False,903,6.0,4.66784930229187
78,468,False,3915,6.0,20.16492199897766
81,486,False,2928,6.0,17.532851696014404
77,462,False,5371,6.0,28.216627836227417
73,438,False,4463,6.0,21.53344988822937
76,456,False,2040,6.0,10.149739503860474
65,390,False,2310,6.0,10.01909852027893
68,408,False,2697,6.0,11.907722234725952
71,426,False,1311,6.0,5.316857099533081
74,444,False,2370,6.0,11.909440279006958
70,420,False,2404,6.0,8.46702265739441
73,438,False,3731,6.0,17.03277897834778
76,456,False,5042,6.0,24.249865293502808
72,432,False,2473,6.0,11.233073234558105
75,450,False,3921,6.0,20.59361433982849
71,426,False,6064,6.0,23.754573583602905
74,444,False,3625,6.0,17.92789363861084
70,420,False,1363,6.0,5.7501726150512695
66,396,False,2200,6.0,8.532593011856079
69,414,False,1906,6.0,8.132325887680054
72,432,False,1075,6.0,5.650033712387085
75,450,False,2910,6.0,12.597826719284058
78,468,False,5054,6.0,23.632877111434937
81,486,False,3910,6.0,20.29580068588257
84,504,False,3708,6.0,19.471394062042236
80,480,False,3075,6.0,17.48726177215576
83,498,False,3326,6.0,16.849762201309204
79,474,False,2723,6.0,15.327645778656006
82,492,False,4122,6.0,21.949285984039307
78,468,False,4660,6.0,23.282804250717163
81,486,False,5898,6.0,27.649959802627563
77,462,False,1435,6.0,7.374581336975098
80,480,False,2327,6.0,10.893989086151123
69,414,False,2533,6.0,10.79928708076477
72,432,False,4575,6.0,19.8112735748291
75,450,False,5561,6.0,27.599562883377075
78,468,False,3744,6.0,18.25132131576538
81,486,False,3893,6.0,19.291128396987915
77,462,False,3510,6.0,17.23322582244873
73,438,False,3180,6.0,15.30127739906311
76,456,False,5573,6.0,25.768308877944946
72,432,False,6170,6.0,25.91891837120056
68,408,False,1279,6.0,6.95134711265564
71,426,False,3663,6.0,16.859557390213013
74,444,False,5560,6.0,25.865885972976685
77,462,False,3460,6.0,16.652467727661133
80,480,False,4211,6.0,21.760486125946045
83,498,False,3269,6.0,17.154247283935547
79,474,False,3745,6.0,20.618335247039795
82,492,False,5440,6.0,28.16641402244568
78,468,False,4032,6.0,20.160978317260742
81,486,False,2285,6.0,11.466600894927979
77,462,False,5876,6.0,28.054150342941284
73,438,False,3451,6.0,15.336487054824829
76,456,False,2352,6.0,10.927254676818848
79,474,False,5107,6.0,26.165311098098755
82,492,False,4540,6.0,23.066044330596924
78,468,False,2512,6.0,11.180269956588745
74,444,False,2498,6.0,11.654657125473022
70,420,False,2874,6.0,14.063372373580933
73,438,False,2868,6.0,13.153108835220337
69,414,False,2667,6.0,11.545902490615845
72,432,False,2631,6.0,13.675462245941162
75,450,False,2981,6.0,14.029467582702637
78,468,False,4999,6.0,24.254507541656494
74,444,False,4760,6.0,20.661728858947754
77,462,False,5356,6.0,26.419178247451782
73,438,False,5418,6.0,28.264894008636475
76,456,False,5438,6.0,26.713196992874146
79,474,False,2911,6.0,15.421348333358765
82,492,False,5625,6.0,28.666768074035645
