propositions,clauses,result,DPLL calls,L/N ratio,solve time
10,30,True,9,3.0,0.0009980201721191406
12,36,True,32,3.0,0.0
14,42,False,292,3.0,0.024255752563476562
16,48,True,13,3.0,0.0009458065032958984
18,54,True,101,3.0,0.007006168365478516
20,60,True,159,3.0,0.01870107650756836
22,66,True,823,3.0,0.04354143142700195
24,72,True,205,3.0,0.010997772216796875
26,78,True,309,3.0,0.03322339057922363
28,84,True,341,3.0,0.03149127960205078
30,90,True,334,3.0,0.04441666603088379
32,96,True,1396,3.0,0.16451692581176758
34,102,True,31970,3.0,3.523665428161621
36,108,True,7790,3.0,0.7663404941558838
38,114,True,88,3.0,0.015579462051391602
40,120,True,15272,3.0,2.2181942462921143
42,126,True,29991,3.0,5.850399017333984
44,132,True,11575,3.0,1.5671815872192383
46,138,True,20280,3.0,3.2915093898773193
48,144,True,192641,3.0,25.808290004730225
50,150,True,137401,3.0,16.02966856956482
52,156,True,212838,3.0,39.01635527610779
54,162,True,1987664,3.0,308.9660873413086
10,32,True,28,3.2,0.0
12,38,True,11,3.2,0.0
14,44,True,156,3.2,0.013723611831665039
16,51,True,200,3.2,0.017145395278930664
18,57,True,232,3.2,0.016423702239990234
20,64,True,38,3.2,0.0
22,70,True,1388,3.2,0.12783312797546387
24,76,True,213,3.2,0.01667046546936035
26,83,True,1697,3.2,0.15470457077026367
28,89,True,1964,3.2,0.2998976707458496
30,96,True,2307,3.2,0.18762993812561035
32,102,True,194,3.2,0.018691301345825195
34,108,True,2014,3.2,0.15942931175231934
36,115,True,31046,3.2,3.992224931716919
38,121,True,2674,3.2,0.5499238967895508
40,128,True,14220,3.2,1.7980482578277588
42,134,True,308124,3.2,26.912200689315796
44,140,True,162641,3.2,19.09905505180359
46,147,True,7138,3.2,0.8665602207183838
48,153,True,14945,3.2,2.7500452995300293
50,160,True,182874,3.2,36.21644043922424
52,166,True,4846502,3.2,782.4359333515167
10,34,True,13,3.4,0.0
12,40,True,11,3.4,0.001007080078125
14,47,True,31,3.4,0.00232696533203125
16,54,True,43,3.4,0.0
18,61,True,20,3.4,0.0
20,68,True,966,3.4,0.09854507446289062
22,74,True,289,3.4,0.016407489776611328
24,81,True,399,3.4,0.03349661827087402
26,88,True,1457,3.4,0.16717863082885742
28,95,True,3297,3.4,0.2750742435455322
30,102,True,11255,3.4,1.5080811977386475
32,108,True,197,3.4,0.012514114379882812
34,115,True,10491,3.4,1.2876193523406982
36,122,True,40413,3.4,5.741071462631226
38,129,True,2117,3.4,0.21521258354187012
40,136,True,537068,3.4,93.51961159706116
10,36,True,19,3.6,0.0
12,43,True,11,3.6,0.0
14,50,True,33,3.6,0.0
16,57,True,116,3.6,0.0
18,64,True,57,3.6,0.0
20,72,False,753,3.6,0.09903788566589355
22,79,True,1110,3.6,0.11660885810852051
24,86,True,370,3.6,0.038599252700805664
26,93,True,195,3.6,0.012502670288085938
28,100,True,108,3.6,0.00118255615234375
30,108,True,6152,3.6,0.9337716102600098
32,115,True,5498,3.6,0.700347900390625
34,122,False,73678,3.6,12.84984827041626
36,129,True,37064,3.6,6.092089414596558
38,136,True,31382,3.6,5.333326578140259
40,144,True,15908,3.6,3.3196229934692383
42,151,True,11260,3.6,2.031630516052246
44,158,True,66054,3.6,14.083120822906494
46,165,True,6355892,3.6,1283.65958237648
10,38,True,14,3.8,0.0
12,45,True,13,3.8,0.0
14,53,True,35,3.8,0.0023643970489501953
16,60,True,197,3.8,0.026784658432006836
18,68,False,846,3.8,0.0852973461151123
20,76,True,689,3.8,0.07788705825805664
22,83,True,196,3.8,0.016675472259521484
24,91,False,4173,3.8,0.6475214958190918
26,98,True,2326,3.8,0.350665807723999
28,106,True,90,3.8,0.02073979377746582
30,114,True,1248,3.8,0.21456122398376465
32,121,True,309,3.8,0.045375823974609375
34,129,True,37552,3.8,6.375441789627075
36,136,True,10685,3.8,1.1610188484191895
38,144,True,20020,3.8,4.286433935165405
40,152,True,735512,3.8,132.63095211982727
10,40,True,46,4.0,0.0
12,48,True,11,4.0,0.0
14,56,True,221,4.0,0.02555251121520996
16,64,True,16,4.0,0.0
18,72,True,336,4.0,0.03640246391296387
20,80,True,564,4.0,0.06024813652038574
22,88,False,2535,4.0,0.4033374786376953
24,96,False,7107,4.0,0.8642661571502686
26,104,False,8487,4.0,1.283050537109375
28,112,True,3509,4.0,0.4018418788909912
30,120,True,18491,4.0,3.147219181060791
32,128,False,86524,4.0,13.884189367294312
34,136,False,65560,4.0,12.000227689743042
36,144,True,18780,4.0,3.879842758178711
38,152,True,3056,4.0,0.7371041774749756
40,160,True,98180,4.0,17.89457607269287
42,168,True,321345,4.0,69.36265587806702
10,42,True,38,4.2,0.0
12,50,True,143,4.2,0.015683412551879883
14,58,True,54,4.2,0.0
16,67,True,110,4.2,0.0
18,75,True,874,4.2,0.10460829734802246
20,84,True,1628,4.2,0.21645307540893555
22,92,True,68,4.2,0.0
24,100,False,4663,4.2,0.7372889518737793
26,109,False,4345,4.2,0.849884033203125
28,117,True,469,4.2,0.03679943084716797
30,126,True,6845,4.2,1.0801715850830078
32,134,True,47735,4.2,9.113291025161743
34,142,True,109925,4.2,18.28083348274231
36,151,True,35208,4.2,7.656682014465332
38,159,True,124577,4.2,29.880264282226562
40,168,False,291457,4.2,76.71640682220459
10,44,False,54,4.4,0.015692710876464844
12,52,True,14,4.4,0.0
14,61,True,14,4.4,0.0
16,70,True,149,4.4,0.022703170776367188
18,79,True,340,4.4,0.0592038631439209
20,88,False,1633,4.4,0.24462389945983887
22,96,True,880,4.4,0.11159992218017578
24,105,True,977,4.4,0.1313037872314453
26,114,False,3804,4.4,0.8220937252044678
28,123,False,6955,4.4,1.4959981441497803
30,132,True,442,4.4,0.05108308792114258
32,140,False,38975,4.4,8.009563446044922
34,149,True,39975,4.4,8.27116346359253
36,158,False,63202,4.4,14.219301223754883
38,167,True,252299,4.4,61.076781034469604
10,46,True,13,4.6,0.0
12,55,False,75,4.6,0.015563011169433594
14,64,True,140,4.6,0.01569056510925293
16,73,True,28,4.6,0.0
18,82,True,616,4.6,0.09338688850402832
20,92,True,311,4.6,0.04960918426513672
22,101,True,777,4.6,0.10094547271728516
24,110,False,4874,4.6,0.8354811668395996
26,119,False,3439,4.6,0.7147338390350342
28,128,False,12492,4.6,2.6099414825439453
30,138,True,474,4.6,0.06959199905395508
32,147,True,9201,4.6,1.9954602718353271
34,156,False,43150,4.6,10.774930238723755
36,165,False,36896,4.6,11.356417655944824
38,174,False,355664,4.6,88.61422348022461
10,48,True,20,4.8,0.002948760986328125
12,57,False,86,4.8,0.0050106048583984375
14,67,True,72,4.8,0.0
16,76,False,503,4.8,0.0558164119720459
18,86,True,434,4.8,0.052538394927978516
20,96,False,919,4.8,0.16006231307983398
22,105,True,657,4.8,0.09011101722717285
24,115,False,3791,4.8,0.6999025344848633
26,124,False,3382,4.8,0.8735077381134033
28,134,False,9951,4.8,2.0386950969696045
30,144,False,22930,4.8,5.112083911895752
32,153,False,17679,4.8,4.864243268966675
34,163,True,1916,4.8,0.4269418716430664
36,172,True,16484,4.8,4.399078845977783
38,182,False,178173,4.8,51.95196890830994
10,50,False,54,5.0,0.006940603256225586
12,60,True,37,5.0,0.0
14,70,True,78,5.0,0.010009765625
16,80,True,354,5.0,0.04785752296447754
18,90,False,709,5.0,0.11432528495788574
20,100,False,656,5.0,0.15532135963439941
22,110,False,1937,5.0,0.3922724723815918
24,120,False,4533,5.0,0.8342366218566895
26,130,False,6942,5.0,1.4697210788726807
28,140,True,9085,5.0,2.0705277919769287
30,150,True,1661,5.0,0.3529174327850342
32,160,False,22308,5.0,6.204468488693237
34,170,False,74926,5.0,22.182893753051758
36,180,False,143780,5.0,45.0705726146698
38,190,False,311623,5.0,93.38540434837341
10,52,False,25,5.2,0.0
12,62,False,63,5.2,0.015647172927856445
14,72,False,150,5.2,0.02117633819580078
16,83,False,419,5.2,0.10721778869628906
18,93,False,412,5.2,0.09133386611938477
20,104,False,1036,5.2,0.1961500644683838
22,114,False,1947,5.2,0.4179651737213135
24,124,False,2195,5.2,0.5168173313140869
26,135,False,2866,5.2,0.7742211818695068
28,145,False,7948,5.2,2.412224531173706
30,156,False,12048,5.2,3.53022837638855
32,166,False,14910,5.2,4.817298889160156
34,176,False,39509,5.2,11.94579291343689
36,187,False,34035,5.2,13.06401515007019
38,197,False,74408,5.2,28.5508873462677
40,208,False,340570,5.2,121.47852921485901
10,54,False,47,5.4,0.006997585296630859
12,64,True,58,5.4,0.015531778335571289
14,75,False,65,5.4,0.014302492141723633
16,86,False,348,5.4,0.05994439125061035
18,97,False,472,5.4,0.10515594482421875
20,108,False,1092,5.4,0.22103476524353027
22,118,False,837,5.4,0.24196267127990723
24,129,False,2460,5.4,0.6287193298339844
26,140,False,6144,5.4,1.6010234355926514
28,151,False,6474,5.4,1.7858672142028809
30,162,False,18128,5.4,5.107483863830566
32,172,False,20575,5.4,6.889383554458618
34,183,False,42273,5.4,15.051150560379028
36,194,True,3960,5.4,1.281831979751587
38,205,False,116966,5.4,43.06636643409729
40,216,False,155484,5.4,61.59846305847168
10,56,False,52,5.6,0.0
12,67,False,43,5.6,0.0069162845611572266
14,78,True,44,5.6,0.0
16,89,True,136,5.6,0.016011953353881836
18,100,False,399,5.6,0.08479952812194824
20,112,False,1636,5.6,0.3169066905975342
22,123,False,1197,5.6,0.28380608558654785
24,134,False,3979,5.6,1.1356980800628662
26,145,False,4291,5.6,1.2794671058654785
28,156,False,6950,5.6,1.879272222518921
30,168,False,12741,5.6,4.654785633087158
32,179,False,22578,5.6,7.842397689819336
34,190,False,27047,5.6,10.163615226745605
36,201,False,50025,5.6,22.005189180374146
38,212,False,126324,5.6,47.208800315856934
40,224,False,78390,5.6,31.348915100097656
42,235,False,380465,5.6,164.53719019889832
10,58,False,48,5.800000000000001,0.008077383041381836
12,69,False,96,5.800000000000001,0.01495218276977539
14,81,False,134,5.800000000000001,0.026194334030151367
16,92,False,234,5.800000000000001,0.0563664436340332
18,104,False,277,5.800000000000001,0.06692337989807129
20,116,False,522,5.800000000000001,0.13126468658447266
22,127,False,1632,5.800000000000001,0.4323768615722656
24,139,False,2779,5.800000000000001,0.7282187938690186
26,150,False,1621,5.800000000000001,0.5667586326599121
28,162,False,3692,5.800000000000001,1.216536521911621
30,174,False,9608,5.800000000000001,3.3006417751312256
32,185,False,12131,5.800000000000001,4.620376110076904
34,197,False,37215,5.800000000000001,14.676807880401611
36,208,False,43778,5.800000000000001,18.037235736846924
38,220,False,113847,5.800000000000001,48.64095687866211
40,232,False,106199,5.800000000000001,50.14171123504639
10,30,True,18,3.0,0.0009877681732177734
12,36,True,12,3.0,0.01494455337524414
14,42,True,12,3.0,0.0010006427764892578
16,48,True,125,3.0,0.0
18,54,True,54,3.0,0.0
20,60,True,639,3.0,0.03511691093444824
22,66,True,222,3.0,0.01927018165588379
24,72,True,185,3.0,0.012577295303344727
26,78,True,2278,3.0,0.2145233154296875
28,84,True,247,3.0,0.033341407775878906
30,90,True,124,3.0,0.016768932342529297
32,96,True,6159,3.0,0.6992669105529785
34,102,True,3606,3.0,0.38431453704833984
36,108,True,33053,3.0,4.592071771621704
38,114,True,5141,3.0,0.6918256282806396
40,120,True,43044,3.0,5.158674716949463
42,126,True,20723,3.0,3.068640947341919
44,132,True,29545,3.0,4.100301027297974
46,138,True,327031,3.0,42.74948000907898
48,144,True,128273,3.0,17.90432333946228
50,150,True,205211,3.0,23.68308424949646
52,156,True,250409,3.0,30.932836294174194
54,162,True,49,3.0,0.009880542755126953
56,168,True,27588,3.0,5.76624870300293
58,174,True,32070398,3.0,5282.803987979889
10,32,True,18,3.2,0.0
12,38,True,21,3.2,0.0
14,44,True,97,3.2,0.0
16,51,True,17,3.2,0.0
18,57,True,137,3.2,0.011039257049560547
20,64,True,90,3.2,0.016880035400390625
22,70,True,26,3.2,0.0
24,76,True,28,3.2,0.0
26,83,True,280,3.2,0.021220922470092773
28,89,True,108,3.2,0.0017771720886230469
30,96,True,2047,3.2,0.16911697387695312
32,102,True,2127,3.2,0.22896051406860352
34,108,True,13300,3.2,2.282878875732422
36,115,True,25316,3.2,2.9995226860046387
38,121,True,4312,3.2,0.47225356101989746
40,128,True,5447,3.2,0.8272597789764404
42,134,True,63980,3.2,9.881952047348022
44,140,True,308,3.2,0.03278684616088867
46,147,True,32047,3.2,4.2892374992370605
48,153,True,1141610,3.2,201.97100400924683
10,34,True,36,3.4,0.002110004425048828
12,40,True,19,3.4,0.0
14,47,True,67,3.4,0.0
16,54,True,107,3.4,0.016126155853271484
18,61,True,127,3.4,0.013343334197998047
20,68,False,1740,3.4,0.17672348022460938
22,74,True,799,3.4,0.08346033096313477
24,81,True,24,3.4,0.0
26,88,True,1994,3.4,0.23335671424865723
28,95,True,2184,3.4,0.2647883892059326
30,102,True,974,3.4,0.09986662864685059
32,108,True,2229,3.4,0.21711063385009766
34,115,True,13509,3.4,1.417494297027588
36,122,True,11049,3.4,1.4077682495117188
38,129,True,89800,3.4,13.132742643356323
40,136,True,58151,3.4,9.833895206451416
42,142,True,242758,3.4,45.71581029891968
44,149,True,22842,3.4,5.56727409362793
46,156,True,350645,3.4,66.61635899543762
10,36,True,78,3.6,0.0
12,43,True,17,3.6,0.0
14,50,True,24,3.6,0.0
16,57,True,265,3.6,0.02726459503173828
18,64,True,51,3.6,0.0
20,72,True,1446,3.6,0.1427609920501709
22,79,True,197,3.6,0.021798133850097656
24,86,True,2244,3.6,0.2787747383117676
26,93,True,3580,3.6,0.5342726707458496
28,100,True,1406,3.6,0.2536187171936035
30,108,True,336,3.6,0.04370713233947754
32,115,True,8411,3.6,1.3677771091461182
34,122,True,342,3.6,0.04625129699707031
36,129,True,51035,3.6,8.609251976013184
38,136,True,429418,3.6,78.19347095489502
10,38,True,37,3.8,0.0
12,45,True,56,3.8,0.0
14,53,True,84,3.8,0.0
16,60,True,281,3.8,0.031259775161743164
18,68,True,528,3.8,0.05924558639526367
20,76,False,406,3.8,0.03931760787963867
22,83,True,71,3.8,0.0015528202056884766
24,91,True,370,3.8,0.03345370292663574
26,98,True,1599,3.8,0.1770012378692627
28,106,True,17559,3.8,2.1011593341827393
30,114,True,3269,3.8,0.41916394233703613
32,121,True,44872,3.8,6.028265953063965
34,129,True,121310,3.8,18.82132911682129
36,136,True,3160,3.8,0.43230438232421875
38,144,True,31729,3.8,6.757519483566284
40,152,True,356133,3.8,71.41767168045044
10,40,True,80,4.0,0.004583835601806641
12,48,False,95,4.0,0.012517690658569336
14,56,True,137,4.0,0.015691041946411133
16,64,True,125,4.0,0.003574371337890625
18,72,False,621,4.0,0.06884384155273438
20,80,False,1582,4.0,0.21828699111938477
22,88,True,186,4.0,0.015383243560791016
24,96,True,776,4.0,0.0792996883392334
26,104,True,3426,4.0,0.510941743850708
28,112,False,24819,4.0,4.143198013305664
30,120,False,29745,4.0,5.22122859954834
32,128,True,8250,4.0,1.3558852672576904
34,136,True,77670,4.0,14.30990219116211
36,144,False,268652,4.0,48.20587944984436
38,152,True,78395,4.0,17.169151306152344
40,160,False,910473,4.0,166.8499128818512
10,42,True,67,4.2,0.00529932975769043
12,50,True,56,4.2,0.014152050018310547
14,58,True,158,4.2,0.007528543472290039
16,67,True,191,4.2,0.018631935119628906
18,75,True,115,4.2,0.012989997863769531
20,84,False,1516,4.2,0.21171164512634277
22,92,True,1036,4.2,0.14110445976257324
24,100,True,2290,4.2,0.2900276184082031
26,109,True,492,4.2,0.06812119483947754
28,117,False,16036,4.2,2.850451946258545
30,126,True,244,4.2,0.029900312423706055
32,134,False,75625,4.2,13.992401838302612
34,142,True,51006,4.2,10.211173057556152
36,151,True,132240,4.2,30.107818126678467
38,159,True,77304,4.2,20.097264766693115
40,168,True,205096,4.2,45.77775025367737
42,176,True,342,4.2,0.05060434341430664
44,184,False,1121222,4.2,327.83652353286743
10,44,True,74,4.4,0.0059130191802978516
12,52,True,74,4.4,0.0
14,61,True,17,4.4,0.0
16,70,True,19,4.4,0.0
18,79,False,1049,4.4,0.12174820899963379
20,88,True,36,4.4,0.01677107810974121
22,96,True,1993,4.4,0.22485828399658203
24,105,False,3454,4.4,0.5986530780792236
26,114,False,5862,4.4,1.0258030891418457
28,123,True,1708,4.4,0.40207791328430176
30,132,False,27653,4.4,5.925490856170654
32,140,False,31364,4.4,6.516319990158081
34,149,True,2609,4.4,0.433502197265625
36,158,False,99568,4.4,24.949267625808716
38,167,True,195376,4.4,48.01303315162659
40,176,True,65451,4.4,12.167400121688843
42,184,False,541947,4.4,151.03296780586243
10,46,False,44,4.6,0.015018939971923828
12,55,False,88,4.6,0.01569509506225586
14,64,False,149,4.6,0.03323769569396973
16,73,True,32,4.6,0.0
18,82,True,32,4.6,0.018266916275024414
20,92,True,89,4.6,0.02492070198059082
22,101,True,117,4.6,0.024501323699951172
24,110,False,1685,4.6,0.34401488304138184
26,119,False,3322,4.6,0.670682430267334
28,128,False,14895,4.6,3.2099151611328125
30,138,False,34214,4.6,7.332152366638184
32,147,False,24771,4.6,5.830336809158325
34,156,False,47448,4.6,10.965226411819458
36,165,False,77709,4.6,22.238054990768433
38,174,False,222384,4.6,56.48716068267822
10,48,True,43,4.8,0.015632152557373047
12,57,False,77,4.8,0.015674114227294922
14,67,False,188,4.8,0.015570402145385742
16,76,False,271,4.8,0.03819704055786133
18,86,False,419,4.8,0.07075357437133789
20,96,False,1595,4.8,0.2626066207885742
22,105,False,3211,4.8,0.5176897048950195
24,115,False,2755,4.8,0.5813159942626953
26,124,False,5923,4.8,1.2997088432312012
28,134,False,8798,4.8,2.0942907333374023
30,144,False,15686,4.8,4.267816781997681
32,153,False,18371,4.8,4.777397394180298
34,163,False,71897,4.8,19.131672859191895
36,172,False,68791,4.8,20.451170444488525
38,182,False,110721,4.8,32.91681718826294
40,192,True,53210,4.8,17.846229791641235
42,201,False,381118,4.8,123.36449360847473
10,50,True,10,5.0,0.0
12,60,True,44,5.0,0.0
14,70,True,46,5.0,0.017165660858154297
16,80,False,291,5.0,0.0847630500793457
18,90,True,205,5.0,0.025341510772705078
20,100,False,1305,5.0,0.25021839141845703
22,110,False,2158,5.0,0.3711678981781006
24,120,False,2968,5.0,0.604222297668457
26,130,False,5499,5.0,1.3464479446411133
28,140,False,17541,5.0,3.6215155124664307
30,150,True,2014,5.0,0.3921029567718506
32,160,True,983,5.0,0.20135211944580078
34,170,False,35056,5.0,10.700139284133911
36,180,False,97588,5.0,28.782691955566406
38,190,True,28698,5.0,9.299280405044556
40,200,False,246702,5.0,89.31534218788147
10,52,False,94,5.2,0.015642642974853516
12,62,True,40,5.2,0.01569533348083496
14,72,False,123,5.2,0.020868301391601562
16,83,False,193,5.2,0.026566267013549805
18,93,False,510,5.2,0.08344435691833496
20,104,False,783,5.2,0.15327882766723633
22,114,False,1160,5.2,0.2687253952026367
24,124,False,2463,5.2,0.5661876201629639
26,135,True,2675,5.2,0.6379613876342773
28,145,False,13269,5.2,2.79736065864563
30,156,False,17545,5.2,4.663583993911743
32,166,False,45641,5.2,12.115229606628418
34,176,False,45713,5.2,13.23542594909668
36,187,False,56475,5.2,21.07352328300476
38,197,False,103901,5.2,36.74015498161316
40,208,True,144419,5.2,56.33666515350342
10,54,False,27,5.4,0.0036890506744384766
12,64,False,79,5.4,0.0065555572509765625
14,75,False,120,5.4,0.01562666893005371
16,86,True,192,5.4,0.03810238838195801
18,97,False,1014,5.4,0.16704463958740234
20,108,False,720,5.4,0.13686132431030273
22,118,False,1455,5.4,0.36868810653686523
24,129,False,1345,5.4,0.3860764503479004
26,140,False,3452,5.4,1.0663435459136963
28,151,False,7149,5.4,2.2373528480529785
30,162,False,10517,5.4,3.2597646713256836
32,172,False,17966,5.4,6.148251533508301
34,183,True,6306,5.4,1.883331298828125
36,194,False,103533,5.4,34.92178750038147
38,205,False,79450,5.4,28.752650022506714
40,216,False,135622,5.4,54.80177974700928
10,56,False,45,5.6,0.0013785362243652344
12,67,False,86,5.6,0.015626192092895508
14,78,True,16,5.6,0.0
16,89,False,263,5.6,0.05692625045776367
18,100,True,176,5.6,0.03000926971435547
20,112,True,60,5.6,0.014004707336425781
22,123,False,1381,5.6,0.3431243896484375
24,134,False,2633,5.6,0.6800096035003662
26,145,False,4543,5.6,1.3317680358886719
28,156,False,6750,5.6,2.245957612991333
30,168,False,15786,5.6,4.9139487743377686
32,179,False,17950,5.6,6.4704694747924805
34,190,False,44334,5.6,14.064974069595337
36,201,False,48046,5.6,18.596494436264038
38,212,False,110092,5.6,45.837573289871216
40,224,False,121487,5.6,56.09891223907471
10,58,True,15,5.800000000000001,0.0
12,69,False,105,5.800000000000001,0.02292799949645996
14,81,True,16,5.800000000000001,0.0020034313201904297
16,92,False,131,5.800000000000001,0.015010595321655273
18,104,True,258,5.800000000000001,0.05620908737182617
20,116,False,818,5.800000000000001,0.19367718696594238
22,127,False,1416,5.800000000000001,0.40970325469970703
24,139,False,2330,5.800000000000001,0.7029745578765869
26,150,True,5088,5.800000000000001,1.529750108718872
28,162,False,8121,5.800000000000001,2.590977191925049
30,174,False,12220,5.800000000000001,4.349552392959595
32,185,False,21079,5.800000000000001,7.867568254470825
34,197,False,28402,5.800000000000001,10.705567359924316
36,208,False,47763,5.800000000000001,19.290882110595703
38,220,False,49848,5.800000000000001,22.04124116897583
40,232,False,109655,5.800000000000001,52.5650908946991
10,60,True,38,6.0,0.016401052474975586
12,72,True,30,6.0,0.002997159957885742
14,84,True,98,6.0,0.0
16,96,False,179,6.0,0.04981374740600586
18,108,False,455,6.0,0.09954667091369629
20,120,False,633,6.0,0.18441510200500488
22,132,False,747,6.0,0.2501225471496582
24,144,False,1897,6.0,0.5680441856384277
26,156,False,2723,6.0,0.9588632583618164
28,168,False,8135,6.0,2.7999725341796875
30,180,False,10026,6.0,4.267266511917114
32,192,False,15876,6.0,6.801320791244507
34,204,False,25645,6.0,10.104359149932861
36,216,False,20211,6.0,10.052266836166382
38,228,False,28258,6.0,15.15304684638977
40,240,False,62659,6.0,34.64658761024475
42,252,False,278448,6.0,140.11401772499084
10,30,True,9,3.0,0.0030312538146972656
11,33,True,8,3.0,0.004003286361694336
12,36,True,11,3.0,0.0
13,39,True,12,3.0,0.0
14,42,True,13,3.0,0.0016713142395019531
15,45,True,15,3.0,0.016265869140625
16,48,True,16,3.0,0.0076639652252197266
17,51,True,23,3.0,0.00677037239074707
18,54,True,28,3.0,0.0036563873291015625
19,57,True,23,3.0,0.014631271362304688
20,60,True,18,3.0,0.0061833858489990234
21,63,True,21,3.0,0.006368875503540039
22,66,True,22,3.0,0.00954127311706543
23,69,True,22,3.0,0.008043527603149414
24,72,True,26,3.0,0.010999679565429688
25,75,True,20,3.0,0.014323234558105469
26,78,True,87,3.0,0.015889883041381836
27,81,True,24,3.0,0.013878822326660156
28,84,True,29,3.0,0.014193296432495117
29,87,True,26,3.0,0.011649847030639648
30,90,True,27,3.0,0.006756305694580078
31,93,True,27,3.0,0.0
32,96,True,28,3.0,0.014163970947265625
33,99,True,63,3.0,0.022321701049804688
34,102,True,38,3.0,0.017122745513916016
35,105,True,42,3.0,0.014077186584472656
36,108,True,141,3.0,0.04468083381652832
37,111,True,39,3.0,0.013989448547363281
38,114,True,37,3.0,0.023274898529052734
39,117,True,60,3.0,0.028827190399169922
40,120,True,103,3.0,0.055999040603637695
41,123,True,55,3.0,0.017184019088745117
42,126,True,70,3.0,0.02991652488708496
43,129,True,42,3.0,0.019983768463134766
44,132,True,38,3.0,0.03269839286804199
45,135,True,41,3.0,0.03346109390258789
46,138,True,45,3.0,0.030358076095581055
47,141,True,56,3.0,0.03332376480102539
48,144,True,61,3.0,0.04038834571838379
49,147,True,235,3.0,0.16792678833007812
50,150,True,46,3.0,0.06170344352722168
51,153,True,62,3.0,0.033910512924194336
52,156,True,64,3.0,0.04386711120605469
53,169,True,470,3.2,0.5525226593017578
54,172,True,50,3.2,0.03870511054992676
55,176,True,59,3.2,0.03130912780761719
56,179,True,835,3.2,0.6091101169586182
57,182,True,80,3.2,0.07978630065917969
58,185,True,53,3.2,0.051888227462768555
59,188,True,112,3.2,0.08163142204284668
60,192,True,99,3.2,0.07812142372131348
61,195,True,122,3.2,0.08946633338928223
62,198,True,199,3.2,0.12042713165283203
63,201,True,207,3.2,0.15864968299865723
64,204,True,79,3.2,0.06326436996459961
65,208,True,1020,3.2,0.7326838970184326
66,211,True,75,3.2,0.04685854911804199
67,214,True,62,3.2,0.3910362720489502
68,217,True,204,3.2,0.13157415390014648
69,220,True,180,3.2,0.10883164405822754
70,224,True,68,3.2,0.06314420700073242
71,227,True,537,3.2,0.49738025665283203
72,230,True,870,3.2,0.7401502132415771
73,233,True,77,3.2,0.07607436180114746
74,236,True,90,3.2,0.07692623138427734
75,240,True,99,3.2,0.0961599349975586
76,243,True,427,3.2,0.575019359588623
77,246,True,101,3.2,0.10393309593200684
78,249,True,1031,3.2,0.7819807529449463
79,252,True,80,3.2,0.07413983345031738
80,256,True,4826,3.2,4.694494962692261
81,259,True,108,3.2,0.10281538963317871
82,262,True,75,3.2,0.0940847396850586
83,265,True,89,3.2,0.17008137702941895
84,268,True,1352,3.2,1.2943651676177979
85,272,True,838,3.2,1.1496484279632568
86,275,True,149,3.2,0.1430988311767578
87,278,True,301,3.2,0.25316786766052246
88,281,True,94,3.2,0.09677791595458984
89,284,True,2037,3.2,2.1788103580474854
90,288,True,10491,3.2,10.705787658691406
91,291,True,1061,3.2,0.7444357872009277
92,294,True,148,3.2,0.13140201568603516
93,297,True,861,3.2,0.9281651973724365
94,300,True,1769,3.2,1.1589946746826172
50,150,True,47,3.0,0.0372011661529541
51,153,True,48,3.0,0.042944908142089844
52,156,True,646,3.0,0.42324328422546387
53,159,True,73,3.0,0.06121206283569336
54,162,True,882,3.0,0.42530322074890137
55,165,True,60,3.0,0.06341743469238281
56,168,True,93,3.0,0.06944632530212402
57,171,True,690,3.0,0.39887070655822754
58,174,True,85,3.0,0.0431065559387207
59,177,True,122,3.0,0.08004355430603027
60,180,True,60,3.0,0.033270835876464844
61,183,True,523,3.0,0.8246939182281494
62,186,True,1962,3.0,1.4590258598327637
63,189,True,102,3.0,0.052079200744628906
64,192,True,63,3.0,0.05169963836669922
65,195,True,75,3.0,0.05437040328979492
66,198,True,261,3.0,0.2320384979248047
67,201,True,61,3.0,0.0741274356842041
68,204,True,75,3.0,0.09517550468444824
69,207,True,77,3.0,0.08373069763183594
70,210,True,844,3.0,0.6966662406921387
71,213,True,114,3.0,0.08002161979675293
72,216,True,114,3.0,0.0864555835723877
73,219,True,98,3.0,0.06926894187927246
74,222,True,67,3.0,0.054941415786743164
75,225,True,74,3.0,0.06083083152770996
76,228,True,2861,3.0,2.127206325531006
77,231,True,327,3.0,0.2221827507019043
78,234,True,105,3.0,0.07835555076599121
79,237,True,87,3.0,0.10715556144714355
80,240,True,100,3.0,0.08397436141967773
81,243,True,245,3.0,0.14608049392700195
82,246,True,2066,3.0,1.8807621002197266
83,249,True,73,3.0,0.052874088287353516
84,252,True,79,3.0,0.07051944732666016
85,255,True,80,3.0,0.0823967456817627
86,258,True,106,3.0,0.10179305076599121
87,261,True,694,3.0,0.44701242446899414
88,264,True,105,3.0,0.09986686706542969
89,267,True,106,3.0,0.2842850685119629
90,270,True,85,3.0,0.08223414421081543
91,273,True,930,3.0,0.6528980731964111
92,276,True,91,3.0,0.10583257675170898
93,297,True,200,3.2,0.17365431785583496
94,300,True,90,3.2,0.09237170219421387
95,304,True,89,3.2,0.09188532829284668
96,307,True,91,3.2,0.10032820701599121
97,310,True,448,3.2,0.8526239395141602
98,313,True,148,3.2,0.25081872940063477
99,316,True,1276,3.2,1.8196947574615479
100,320,True,3470,3.2,3.562002182006836
101,323,True,94,3.2,0.16219854354858398
102,326,True,1945,3.2,7.769589185714722
103,329,True,2881,3.2,5.300333023071289
104,332,True,2868,3.2,3.0863051414489746
105,336,True,100,3.2,0.13298726081848145
106,339,True,148,3.2,0.1836228370666504
107,342,True,679,3.2,0.7000904083251953
108,345,True,180,3.2,0.4669172763824463
109,348,True,343,3.2,0.30379343032836914
110,352,True,418,3.2,0.49983763694763184
111,355,True,108,3.2,0.13448810577392578
112,358,True,104,3.2,0.14895105361938477
113,361,True,7788,3.2,9.96748948097229
114,364,True,517,3.2,0.8834397792816162
115,368,True,155,3.2,0.23291420936584473
116,371,True,864,3.2,1.3329167366027832
110,352,True,157,3.2,0.18345189094543457
111,355,True,165,3.2,0.20066213607788086
112,358,True,1490,3.2,1.7967851161956787
113,361,True,6723,3.2,8.32626223564148
114,364,True,390,3.2,0.43353772163391113
115,368,True,578,3.2,0.877373456954956
116,371,True,1594,3.2,1.7825798988342285
117,374,True,5324,3.2,6.3443872928619385
118,377,True,207,3.2,0.5167174339294434
105,336,True,6691,3.2,7.519606351852417
106,339,True,18487,3.2,22.81614875793457
107,342,True,670,3.2,0.599083423614502
108,345,True,355,3.2,0.3662912845611572
109,348,True,16321,3.2,20.123896837234497
110,352,True,4475,3.2,7.601805925369263
111,355,True,144,3.2,0.40484118461608887
112,358,True,1018,3.2,1.3197743892669678
113,361,True,528,3.2,0.8336668014526367
114,364,True,11938,3.2,16.802382946014404
115,391,True,971,3.4,0.7307910919189453
116,394,True,1081,3.4,1.2058320045471191
110,374,True,108,3.4,0.15488982200622559
111,377,True,5401,3.4,8.275952816009521
105,357,True,2233,3.4,2.1508235931396484
99,336,True,8461,3.4,10.783193588256836
100,340,True,2245,3.4,2.230901002883911
101,343,True,17189,3.4,22.441089868545532
102,346,True,728,3.4,1.0538127422332764
103,350,True,131,3.4,0.15403008460998535
104,353,True,7405,3.4,9.419824361801147
105,357,True,634,3.4,0.5152740478515625
106,360,True,13907,3.4,20.399842023849487
107,363,True,11240,3.4,18.005860090255737
108,367,True,2157,3.4,2.400125026702881
109,370,True,2678,3.4,3.7115323543548584
103,350,True,425,3.4,0.43390655517578125
104,353,True,3400,3.4,4.217524766921997
105,357,True,603,3.4,0.5670247077941895
106,360,True,212,3.4,0.28893542289733887
107,363,True,206,3.4,0.27739739418029785
108,367,True,715,3.4,1.200413703918457
109,370,True,774,3.4,1.1998207569122314
110,374,True,1797,3.4,2.526843547821045
111,377,True,147,3.4,0.4334731101989746
112,380,True,426,3.4,0.5870230197906494
113,384,True,10928,3.4,17.13332486152649
100,340,True,5788,3.4,8.348403930664062
101,343,True,132,3.4,0.18688082695007324
102,346,True,458,3.4,0.6788208484649658
96,326,True,124,3.4,0.13361406326293945
97,329,True,241,3.4,0.25393152236938477
98,333,True,6573,3.4,7.832221269607544
99,336,True,19239,3.4,21.755303621292114
100,340,True,131,3.4,0.13358235359191895
101,343,True,749,3.4,0.9499807357788086
102,346,True,1050,3.4,0.9500722885131836
96,326,True,648,3.4,0.7142941951751709
97,329,True,170,3.4,0.2377781867980957
98,333,True,134,3.4,0.18187880516052246
99,336,True,258,3.4,0.19862890243530273
100,340,True,484,3.4,0.7613859176635742
101,343,True,375,3.4,0.4332435131072998
102,367,True,273,3.6,0.3699154853820801
103,370,True,6584,3.6,7.720598220825195
90,324,True,367,3.6,0.48673343658447266
91,327,True,542,3.6,0.5667016506195068
85,306,True,9843,3.6,12.483342409133911
86,309,True,81,3.6,0.09581398963928223
87,313,True,5597,3.6,7.078765392303467
88,316,True,820,3.6,0.5828869342803955
89,320,True,470,3.6,0.6289882659912109
90,324,True,1810,3.6,2.4531664848327637
91,327,True,2464,3.6,3.118021011352539
92,331,True,18334,3.6,22.93047571182251
93,334,True,3588,3.6,5.249744892120361
94,338,True,269,3.6,0.4169278144836426
95,342,True,3329,3.6,4.386488676071167
96,345,True,3795,3.6,4.6120076179504395
97,349,True,89,3.6,0.12289571762084961
91,327,True,1025,3.6,1.5163300037384033
92,331,True,912,3.6,0.8336312770843506
93,334,True,1295,3.6,1.4982545375823975
94,338,True,1901,3.6,2.4683499336242676
95,342,True,17128,3.6,17.700267553329468
96,345,True,4019,3.6,5.000380754470825
90,324,True,1142,3.6,1.4834277629852295
84,302,True,5988,3.6,7.649078130722046
85,306,True,913,3.6,1.3667199611663818
86,309,True,359,3.6,0.4125680923461914
80,288,True,22626,3.6,27.636958122253418
81,291,True,11874,3.6,14.24978232383728
75,270,True,249,3.6,0.21938014030456543
76,273,True,1775,3.6,2.4834272861480713
77,277,True,1287,3.6,1.48167085647583
78,280,True,3722,3.6,3.5983307361602783
79,284,True,279,3.6,0.35121774673461914
80,288,True,248,3.6,0.46665167808532715
81,291,True,127,3.6,0.13418269157409668
82,295,True,1526,3.6,1.4794046878814697
83,298,True,1035,3.6,0.979602575302124
84,302,True,2630,3.6,3.4201459884643555
85,306,True,161,3.6,0.42070817947387695
86,309,True,1908,3.6,2.1829471588134766
87,313,True,156,3.6,0.1688845157623291
88,316,True,3142,3.6,3.8515138626098633
75,285,True,1236,3.8,1.300123929977417
76,288,True,4335,3.8,5.250500917434692
77,292,True,347,3.8,0.5834136009216309
78,296,True,2902,3.8,3.395977735519409
79,300,True,13336,3.8,19.46689772605896
80,304,True,20075,3.8,27.992087602615356
81,307,True,1281,3.8,1.7337102890014648
82,311,True,5366,3.8,7.247364521026611
76,288,True,1267,3.8,1.2668614387512207
77,292,True,127,3.8,0.11693692207336426
78,296,True,244,3.8,0.48345422744750977
79,300,True,129,3.8,0.1334366798400879
80,304,True,15581,3.8,18.737231969833374
81,307,True,1148,3.8,1.4674668312072754
75,285,True,425,3.8,0.6153955459594727
76,288,True,1229,3.8,1.8552348613739014
77,292,True,20065,3.8,24.36700963973999
78,296,True,7455,3.8,9.231671333312988
79,300,True,295,3.8,0.28548622131347656
73,277,True,1478,3.8,1.550295352935791
74,281,True,8623,3.8,9.345193147659302
75,285,True,689,3.8,0.8137490749359131
76,288,True,13871,3.8,16.221036911010742
77,292,True,13187,3.8,17.774157524108887
78,296,True,4918,3.8,5.797013282775879
72,273,True,70,3.8,0.0765688419342041
73,277,True,9707,3.8,11.249935865402222
74,281,True,419,3.8,0.3834552764892578
75,285,True,429,3.8,0.7125136852264404
69,262,True,1314,3.8,1.3010022640228271
70,266,True,836,3.8,0.8638112545013428
71,269,True,3727,3.8,4.044356107711792
72,273,True,3807,3.8,4.551569700241089
73,277,True,486,3.8,0.5168187618255615
74,281,True,141,3.8,0.13788175582885742
75,285,True,73,3.8,0.08691549301147461
76,288,True,123,3.8,0.16649889945983887
77,292,True,202,3.8,0.2172863483428955
78,296,True,13614,3.8,17.89369773864746
79,300,True,5989,3.8,7.032826662063599
80,304,True,10400,3.8,14.750011444091797
81,307,True,323,3.8,0.33426880836486816
82,311,True,198,3.8,0.22850656509399414
83,332,True,480,4.0,0.5553023815155029
77,308,True,584,4.0,0.599912166595459
78,312,True,4211,4.0,4.95021390914917
79,316,True,15941,4.0,21.4154634475708
73,292,True,3018,4.0,3.3766281604766846
74,296,True,5906,4.0,7.999861001968384
68,272,True,548,4.0,0.750399112701416
69,276,True,4841,4.0,4.6504967212677
70,280,True,13695,4.0,18.265936613082886
71,284,True,2994,4.0,3.7702035903930664
72,288,True,908,4.0,1.3503048419952393
73,292,True,168,4.0,0.200103759765625
74,296,True,8890,4.0,11.59507441520691
68,272,True,1469,4.0,1.7010433673858643
62,248,True,8605,4.0,9.368065595626831
63,252,False,23103,4.0,25.880048513412476
64,256,True,4076,4.0,6.754895925521851
65,260,True,4506,4.0,6.016737461090088
66,264,True,519,4.0,0.41370534896850586
67,268,True,4763,4.0,6.1310389041900635
68,272,True,8129,4.0,9.450458526611328
62,248,False,12164,4.0,20.020436763763428
63,252,True,2222,4.0,5.250614643096924
64,256,True,1566,4.0,2.7316744327545166
65,260,True,5354,4.0,9.290018796920776
66,264,True,349,4.0,0.5671241283416748
67,268,True,15590,4.0,27.268702268600464
68,272,True,7077,4.0,12.50101923942566
69,276,True,10076,4.0,19.835216999053955
70,280,True,4232,4.0,8.43315839767456
64,256,True,504,4.0,0.8827650547027588
65,260,True,110,4.0,0.13364601135253906
66,264,True,7237,4.0,14.498278617858887
67,268,True,6081,4.0,13.535441875457764
61,244,True,2073,4.0,3.566793441772461
62,248,True,387,4.0,0.732527494430542
63,252,True,65,4.0,0.1463451385498047
64,256,False,11393,4.0,20.496334552764893
65,260,True,8407,4.0,14.833017826080322
66,264,True,1900,4.0,3.3171746730804443
67,268,True,340,4.0,0.7614443302154541
61,244,True,596,4.0,0.7295010089874268
62,248,True,2995,4.0,5.266861915588379
63,264,True,283,4.2,0.8508250713348389
64,268,False,9521,4.2,20.186014652252197
58,243,False,7742,4.2,13.799324750900269
59,247,True,130,4.2,0.23789453506469727
60,252,True,668,4.2,1.017632007598877
61,256,False,3407,4.2,7.309348106384277
62,260,True,222,4.2,0.3999483585357666
63,264,True,735,4.2,1.3530340194702148
64,268,True,4898,4.2,9.8782639503479
65,273,True,7780,4.2,16.508790254592896
66,277,False,7473,4.2,14.984899282455444
60,252,False,2575,4.2,4.513014793395996
61,256,True,4159,4.2,7.8890862464904785
62,260,True,2405,4.2,4.9333930015563965
63,264,True,1183,4.2,2.3256916999816895
64,268,True,476,4.2,1.135878562927246
65,273,True,4936,4.2,8.414855718612671
66,277,True,9391,4.2,17.800142288208008
67,281,True,12422,4.2,25.424391984939575
68,285,False,11761,4.2,26.41627264022827
69,289,True,1550,4.2,3.1415839195251465
63,264,True,2854,4.2,5.549916982650757
64,268,True,2821,4.2,5.2998292446136475
65,273,False,7165,4.2,13.243350982666016
66,277,False,7361,4.2,15.673344135284424
67,281,False,7399,4.2,16.882243394851685
68,285,True,3889,4.2,7.946461200714111
69,289,False,8982,4.2,18.849529027938843
70,294,True,436,4.2,1.1508958339691162
71,298,False,8078,4.2,17.73441195487976
65,273,False,14871,4.2,28.900243997573853
66,277,True,4131,4.2,8.29604959487915
67,281,False,6852,4.2,14.154348373413086
68,285,True,4550,4.2,9.501883268356323
62,260,True,904,4.2,1.4304165840148926
63,264,True,5062,4.2,8.203689098358154
64,268,True,3617,4.2,6.652589321136475
65,273,True,80,4.2,0.13320064544677734
66,277,True,6784,4.2,12.910211563110352
67,281,True,319,4.2,0.5344469547271729
68,285,True,5251,4.2,9.878666400909424
69,289,True,6386,4.2,12.433897495269775
70,294,True,1544,4.2,3.933515787124634
71,312,True,10764,4.4,24.283045053482056
65,286,False,11893,4.4,23.213679313659668
66,290,True,383,4.4,0.9638097286224365
67,294,False,8093,4.4,16.084240913391113
68,299,False,7938,4.4,19.687455415725708
62,272,False,6440,4.4,13.650003433227539
63,277,False,6445,4.4,14.298155069351196
64,281,False,10664,4.4,22.028778076171875
65,286,False,6625,4.4,13.533026218414307
66,290,True,5716,4.4,12.018977880477905
60,264,True,3147,4.4,5.144628524780273
61,268,True,1283,4.4,2.650912046432495
62,272,False,5257,4.4,10.681829690933228
63,277,True,3360,4.4,6.701784610748291
64,281,False,10973,4.4,21.1420955657959
65,286,True,3079,4.4,5.749758720397949
66,290,False,2341,4.4,6.551914215087891
67,294,True,1120,4.4,2.155080795288086
68,299,False,5037,4.4,11.417324542999268
69,303,False,4077,4.4,10.190252542495728
70,308,True,1903,4.4,4.9862072467803955
71,312,True,2311,4.4,4.999882221221924
72,316,False,9657,4.4,23.737679481506348
73,321,True,6735,4.4,14.332946300506592
60,264,False,4806,4.4,9.466777563095093
61,268,False,5015,4.4,10.484466075897217
62,272,True,6098,4.4,12.400097370147705
63,277,False,15503,4.4,29.482027053833008
64,281,False,8457,4.4,18.733108282089233
65,286,False,14204,4.4,27.679802656173706
66,290,True,1641,4.4,2.8331475257873535
67,294,True,1880,4.4,3.6836163997650146
61,268,True,1586,4.4,2.7328813076019287
62,272,True,3663,4.4,6.285291433334351
63,277,True,2169,4.4,4.202010154724121
64,281,True,115,4.4,0.21640539169311523
65,286,False,9293,4.4,18.773456573486328
66,290,False,5300,4.4,11.399712085723877
67,294,False,8523,4.4,20.725136756896973
68,299,False,6337,4.4,13.987088680267334
62,272,False,5579,4.4,12.599952697753906
63,277,False,9880,4.4,19.68337345123291
64,281,False,1453,4.4,3.600085735321045
65,299,False,3978,4.6,9.856755018234253
66,303,False,9745,4.6,21.997766494750977
60,276,False,7458,4.6,14.483380794525146
61,280,False,6796,4.6,13.981413841247559
62,285,False,6348,4.6,14.457674026489258
63,289,False,5724,4.6,11.801506757736206
64,294,False,12061,4.6,26.185547590255737
65,299,False,9189,4.6,20.1338107585907
66,303,False,10967,4.6,21.603455781936646
67,308,False,6519,4.6,15.894042730331421
68,312,False,6718,4.6,15.26602053642273
62,285,False,4131,4.6,8.939849853515625
63,289,False,4363,4.6,8.142889976501465
64,294,True,5990,4.6,13.079810857772827
65,299,True,3411,4.6,7.383143424987793
66,303,False,4249,4.6,10.048376560211182
67,308,False,8372,4.6,21.59960961341858
68,312,True,791,4.6,2.150846481323242
62,285,True,1727,4.6,3.6336851119995117
63,289,False,6537,4.6,14.367868185043335
64,294,False,8773,4.6,19.970834732055664
65,299,False,11013,4.6,24.103792667388916
66,303,False,5962,4.6,13.68315076828003
67,308,False,3579,4.6,10.001527070999146
61,280,True,2087,4.6,4.2241857051849365
62,285,False,3083,4.6,6.297932147979736
63,289,False,2960,4.6,6.1497039794921875
64,294,False,4645,4.6,11.150783061981201
65,299,False,3237,4.6,9.28940725326538
66,303,False,10168,4.6,21.662501096725464
67,308,False,11437,4.6,25.704699516296387
61,280,False,2820,4.6,5.609668970108032
62,285,False,3660,4.6,8.20119309425354
63,289,False,12937,4.6,26.20386290550232
64,294,False,6415,4.6,15.617834568023682
65,299,False,3161,4.6,8.195602893829346
66,303,False,2954,4.6,7.066468000411987
67,308,False,9228,4.6,20.02060842514038
68,312,True,2478,4.6,6.363440036773682
69,317,False,9949,4.6,25.09133219718933
70,322,True,1000,4.6,2.5832228660583496
71,326,True,455,4.6,1.0168910026550293
65,299,False,6681,4.6,15.000117778778076
66,316,False,4474,4.8,12.5791175365448
67,321,False,2514,4.8,6.600021600723267
68,326,False,2329,4.8,6.2198486328125
69,331,False,4334,4.8,11.95430040359497
70,336,False,7123,4.8,18.918433666229248
64,307,False,4308,4.8,11.253049850463867
65,312,False,5541,4.8,12.816733837127686
66,316,False,5701,4.8,14.728782176971436
60,288,False,3067,4.8,6.766542196273804
61,292,False,3486,4.8,7.79982852935791
62,297,False,3917,4.8,10.000059366226196
63,302,False,5723,4.8,13.2325119972229
64,307,False,2266,4.8,5.8665595054626465
65,312,False,4025,4.8,10.781949043273926
66,316,False,2780,4.8,7.253264427185059
67,321,False,5899,4.8,15.766784906387329
68,326,False,6834,4.8,17.429748058319092
69,331,False,3031,4.8,9.045573234558105
70,336,False,4466,4.8,12.670634746551514
64,307,False,8874,4.8,18.81060290336609
65,312,False,3295,4.8,8.336951971054077
66,316,False,10199,4.8,25.000814199447632
67,321,False,7344,4.8,18.415728330612183
61,292,False,7592,4.8,17.681575059890747
62,297,False,3151,4.8,9.100316286087036
63,302,False,5310,4.8,11.567941665649414
64,307,False,5320,4.8,13.017044305801392
65,312,True,8933,4.8,21.467023611068726
66,316,False,7849,4.8,17.00003981590271
67,321,False,2064,4.8,5.630127906799316
68,326,False,10326,4.8,26.851431846618652
69,331,False,8428,4.8,23.53329873085022
70,336,False,7969,4.8,20.381528854370117
71,340,False,10223,4.8,29.167062282562256
65,312,False,9940,4.8,22.861659049987793
66,316,False,5183,4.8,12.883504152297974
67,321,False,5748,4.8,16.26803970336914
61,292,False,4059,4.8,9.34952425956726
62,297,False,11465,4.8,27.75512671470642
63,302,False,5568,4.8,14.503091096878052
64,307,False,2111,4.8,5.84996485710144
65,312,False,2680,4.8,6.949927091598511
66,316,False,8420,4.8,19.063564777374268
67,335,False,2253,5.0,7.577276945114136
68,340,False,2596,5.0,8.012796401977539
69,345,False,5351,5.0,14.623381853103638
70,350,False,8161,5.0,24.669594526290894
71,355,True,7685,5.0,23.34599733352661
65,325,False,2436,5.0,6.3844382762908936
66,330,False,4207,5.0,11.283481359481812
67,335,False,5154,5.0,15.515617609024048
68,340,False,6574,5.0,17.883427619934082
69,345,False,7795,5.0,22.483158588409424
70,350,False,8810,5.0,25.366026639938354
71,355,False,6130,5.0,18.862345457077026
72,360,False,9480,5.0,28.422415733337402
73,365,False,2900,5.0,9.6056227684021
67,335,False,2437,5.0,6.248523712158203
68,340,False,3258,5.0,9.429103374481201
69,345,False,7843,5.0,22.364242553710938
70,350,False,3132,5.0,10.87528109550476
71,355,False,8191,5.0,24.450323820114136
72,360,False,5432,5.0,16.29733157157898
73,365,False,8931,5.0,26.43071436882019
74,370,False,8977,5.0,27.866795539855957
75,375,False,5738,5.0,17.91200017929077
69,345,False,4443,5.0,12.104049921035767
70,350,False,4706,5.0,14.10365915298462
71,355,False,7710,5.0,23.444856643676758
65,325,False,4901,5.0,13.13720178604126
66,330,False,3129,5.0,9.194402933120728
67,335,False,10210,5.0,27.316101789474487
68,340,False,5912,5.0,17.91244125366211
69,345,False,4999,5.0,15.107213258743286
70,350,False,3991,5.0,12.41737961769104
71,355,False,5280,5.0,16.200725317001343
72,360,False,8879,5.0,28.031851768493652
73,365,False,9421,5.0,27.233396530151367
67,335,False,11823,5.0,29.796334981918335
68,340,False,652,5.0,2.7333991527557373
69,345,False,5904,5.0,17.699663639068604
70,350,False,7125,5.0,19.367338180541992
64,320,False,5654,5.0,15.479124784469604
65,325,False,2486,5.0,7.522512912750244
66,330,False,4941,5.0,13.953378200531006
67,335,False,7134,5.0,17.61114764213562
61,317,False,1783,5.2,4.918022394180298
62,322,False,2088,5.2,5.769928932189941
63,327,False,5239,5.2,13.999951839447021
64,332,False,3191,5.2,8.661993026733398
65,338,False,4388,5.2,14.169531345367432
66,343,False,1309,5.2,4.100170135498047
67,348,False,5591,5.2,16.66658306121826
68,353,False,3541,5.2,11.755948066711426
69,358,False,4870,5.2,14.899531364440918
63,327,False,3141,5.2,7.871667861938477
64,332,False,8055,5.2,20.263760089874268
65,338,False,4909,5.2,13.380598783493042
66,343,False,4471,5.2,13.722468137741089
67,348,False,3701,5.2,10.716789245605469
68,353,False,6101,5.2,15.749978303909302
69,358,False,2340,5.2,7.209013223648071
70,364,False,4119,5.2,12.249649047851562
71,369,False,10492,5.2,29.89595341682434
72,374,False,5498,5.2,16.483485221862793
66,343,False,4433,5.2,13.436132192611694
67,348,False,2052,5.2,6.05011248588562
68,353,False,6151,5.2,19.016846418380737
69,358,False,631,5.2,2.218465805053711
70,364,False,6817,5.2,23.866670846939087
64,332,False,5692,5.2,15.69544005393982
65,338,False,2978,5.2,9.070227146148682
66,343,False,4826,5.2,13.133437633514404
67,348,False,9858,5.2,27.419225692749023
68,353,False,7145,5.2,21.416874408721924
69,358,False,2462,5.2,7.6019673347473145
63,327,False,2757,5.2,7.333181381225586
64,332,False,4544,5.2,12.404378890991211
65,338,False,3010,5.2,8.782087802886963
66,343,False,5856,5.2,16.57727313041687
67,348,False,3924,5.2,12.199054479598999
68,353,False,5644,5.2,17.012807369232178
69,358,False,4363,5.2,12.283918857574463
70,364,False,2523,5.2,7.362447500228882
71,369,False,5829,5.2,18.168912410736084
72,374,False,3467,5.2,10.991182565689087
73,379,False,8866,5.2,28.247188568115234
74,384,False,8036,5.2,27.720327377319336
75,390,False,6938,5.2,24.13387680053711
69,372,False,2079,5.4,7.035771369934082
70,378,False,4783,5.4,17.086254596710205
71,383,False,2508,5.4,9.71682858467102
72,388,False,4404,5.4,15.262738227844238
66,356,False,4255,5.4,12.810497760772705
67,361,False,4722,5.4,14.79995322227478
68,367,False,4418,5.4,13.899690866470337
69,372,False,6365,5.4,19.915692806243896
70,378,False,4978,5.4,16.003496885299683
71,383,False,4166,5.4,13.800003051757812
65,351,False,3621,5.4,11.574310064315796
66,356,False,2451,5.4,7.990258455276489
67,361,False,5603,5.4,16.79984736442566
68,367,False,3084,5.4,9.580750226974487
62,334,False,1929,5.4,5.5872275829315186
63,340,False,3525,5.4,9.970555067062378
64,345,False,3081,5.4,9.23185920715332
65,351,False,4316,5.4,12.833527326583862
66,356,False,4261,5.4,13.28782868385315
67,361,False,4393,5.4,13.674911975860596
68,367,False,1608,5.4,5.734070539474487
69,372,False,5178,5.4,17.016683340072632
70,378,False,6113,5.4,19.549468278884888
64,345,False,2665,5.4,8.434442043304443
65,351,False,6222,5.4,18.183172941207886
66,356,False,3601,5.4,11.297451972961426
67,361,False,6431,5.4,18.83866000175476
68,367,False,2322,5.4,7.949349880218506
69,372,False,4570,5.4,14.929935693740845
70,378,False,2419,5.4,8.166724443435669
71,383,False,4830,5.4,15.373230695724487
72,388,False,3818,5.4,13.447903871536255
73,394,False,6782,5.4,22.932820081710815
74,399,False,2963,5.4,10.883322477340698
75,405,False,8842,5.4,29.099806785583496
76,410,False,6040,5.4,22.584292888641357
77,415,False,7125,5.4,23.845618963241577
71,383,False,4021,5.4,13.552396774291992
72,388,False,5702,5.4,18.366825342178345
73,394,False,9555,5.4,29.089986324310303
67,361,False,4245,5.4,13.251085758209229
68,367,False,3377,5.4,12.116528987884521
69,372,False,7256,5.4,23.239126920700073
70,392,False,2338,5.6,11.22930097579956
71,397,False,5042,5.6,18.24882674217224
72,403,False,6438,5.6,23.849329471588135
73,408,False,3224,5.6,13.616398096084595
67,375,False,4625,5.6,15.36272120475769
68,380,False,3231,5.6,11.099858283996582
69,386,False,2333,5.6,7.76669979095459
70,392,False,3296,5.6,10.702873468399048
71,397,False,2829,5.6,9.63298511505127
72,403,False,4406,5.6,17.01735019683838
73,408,False,5508,5.6,19.066723823547363
74,414,False,6470,5.6,24.1803240776062
75,420,False,5541,5.6,20.955566883087158
76,425,False,3243,5.6,13.113182544708252
77,431,False,6853,5.6,26.95411205291748
78,436,False,5398,5.6,21.449752807617188
72,403,False,4084,5.6,14.787262201309204
73,408,False,5708,5.6,21.176401376724243
74,414,False,4361,5.6,16.591890335083008
75,420,False,4688,5.6,18.233423471450806
76,425,False,3123,5.6,12.81674337387085
77,431,False,5801,5.6,22.932997941970825
78,436,False,3463,5.6,13.271304607391357
79,442,False,3271,5.6,16.249820709228516
80,448,False,1763,5.6,8.432982683181763
74,414,False,8466,5.6,28.87382936477661
75,420,False,3912,5.6,14.828124284744263
76,425,False,6964,5.6,26.56875729560852
77,431,False,3762,5.6,16.15401315689087
78,436,False,6371,5.6,25.2372145652771
79,442,False,3921,5.6,15.499906063079834
66,369,False,4914,5.6,16.316725492477417
67,375,False,3020,5.6,10.990912675857544
68,380,False,4494,5.6,14.749782085418701
69,386,False,2113,5.6,7.31160569190979
70,392,False,3118,5.6,9.879960298538208
71,397,False,3491,5.6,11.717911958694458
72,403,False,2503,5.6,9.769631147384644
66,369,False,3595,5.6,11.485180854797363
67,375,False,3775,5.6,12.31662392616272
68,380,False,615,5.6,2.7426340579986572
69,386,False,2030,5.6,7.633070945739746
70,392,False,2942,5.6,10.96554160118103
71,411,False,1150,5.800000000000001,5.106550693511963
72,417,False,1750,5.800000000000001,7.516565561294556
73,423,False,3048,5.800000000000001,12.478357076644897
74,429,False,3296,5.800000000000001,13.132615089416504
75,435,False,5668,5.800000000000001,22.845807790756226
76,440,False,2387,5.800000000000001,11.164883852005005
77,446,False,5361,5.800000000000001,20.87601590156555
78,452,False,3415,5.800000000000001,14.215778112411499
72,417,False,3612,5.800000000000001,13.203779935836792
73,423,False,2845,5.800000000000001,10.733468532562256
74,429,False,5716,5.800000000000001,24.11531686782837
75,435,False,6931,5.800000000000001,28.800962448120117
76,440,False,4721,5.800000000000001,19.769152879714966
77,446,False,3225,5.800000000000001,13.96647334098816
71,411,False,3861,5.800000000000001,14.000158548355103
72,417,False,7749,5.800000000000001,29.05153179168701
73,423,False,3376,5.800000000000001,13.819497346878052
74,429,False,4444,5.800000000000001,17.31646966934204
68,394,False,2834,5.800000000000001,10.435107469558716
69,400,False,2594,5.800000000000001,9.666688680648804
70,406,False,2274,5.800000000000001,8.473750591278076
71,411,False,3884,5.800000000000001,14.949705600738525
72,417,False,2555,5.800000000000001,9.562238931655884
73,423,False,5860,5.800000000000001,21.53400230407715
74,429,False,4747,5.800000000000001,21.285823822021484
75,435,False,7518,5.800000000000001,29.125187635421753
76,440,False,4098,5.800000000000001,17.283419609069824
77,446,False,3445,5.800000000000001,14.803729057312012
78,452,False,5348,5.800000000000001,21.920567750930786
72,417,False,1215,5.800000000000001,5.019287586212158
73,423,False,2067,5.800000000000001,8.39427137374878
74,429,False,2996,5.800000000000001,12.350334405899048
75,435,False,4929,5.800000000000001,20.769054651260376
76,440,False,6857,5.800000000000001,29.500121355056763
77,446,False,4306,5.800000000000001,16.931508779525757
71,411,False,5494,5.800000000000001,20.29983687400818
72,417,False,2310,5.800000000000001,8.802969932556152
73,423,False,3040,5.800000000000001,12.016109466552734
74,429,False,6440,5.800000000000001,25.283451795578003
75,435,False,3230,5.800000000000001,14.07805848121643
76,440,False,5027,5.800000000000001,19.615111827850342
77,446,False,2371,5.800000000000001,10.930200338363647
78,452,False,5791,5.800000000000001,23.646750688552856
79,474,False,5010,6.0,21.99984836578369
80,480,False,4110,6.0,19.65398406982422
81,486,False,5591,6.0,27.35924220085144
82,492,False,5257,6.0,25.586304426193237
83,498,False,3798,6.0,17.51285672187805
84,504,False,5746,6.0,29.268500804901123
85,510,False,4844,6.0,24.399914979934692
79,474,False,3482,6.0,17.316402196884155
80,480,False,4597,6.0,21.08349323272705
74,444,False,2320,6.0,10.494264125823975
75,450,False,1555,6.0,6.613415956497192
76,456,False,6560,6.0,28.062568187713623
77,462,False,2559,6.0,10.866929769515991
71,426,False,3334,6.0,12.766413927078247
72,432,False,1978,6.0,7.8535401821136475
73,438,False,3037,6.0,13.465593814849854
74,444,False,4290,6.0,18.245901823043823
75,450,False,4421,6.0,18.549561738967896
76,456,False,5285,6.0,21.349446773529053
77,462,False,3023,6.0,13.366525888442993
78,468,False,5797,6.0,25.46448278427124
79,474,False,4306,6.0,18.499953269958496
80,480,False,3537,6.0,16.546870231628418
74,444,False,2298,6.0,8.851384401321411
75,450,False,7346,6.0,29.100091695785522
76,456,False,3370,6.0,15.533597230911255
77,462,False,2503,6.0,10.563350200653076
78,468,False,2617,6.0,12.428402185440063
72,432,False,3201,6.0,13.768986701965332
73,438,False,3952,6.0,17.049095392227173
74,444,False,6010,6.0,24.52110505104065
75,450,False,4631,6.0,19.38099980354309
76,456,False,2467,6.0,11.002360582351685
77,462,False,5495,6.0,23.700263500213623
78,468,False,2621,6.0,12.312147378921509
79,474,False,1497,6.0,6.783550500869751
80,480,False,2859,6.0,14.462116718292236
81,486,False,4461,6.0,21.5562903881073
75,450,False,2176,6.0,9.822335958480835
76,456,False,3035,6.0,13.784632921218872
77,462,False,6125,6.0,24.708759546279907
78,468,False,3232,6.0,13.89993691444397
79,474,False,2534,6.0,11.787909269332886
150,450,True,462,3.0,0.6872060298919678
153,459,True,333,3.0,0.4087026119232178
156,468,True,6240,3.0,9.801386594772339
159,477,True,4816,3.0,5.9458606243133545
162,486,True,30622,3.0,51.35636067390442
158,474,True,287,3.0,0.4363558292388916
161,483,True,506,3.0,0.7658026218414307
164,492,True,8057,3.0,13.016339540481567
167,501,True,243,3.0,0.4137382507324219
170,510,True,188,3.0,1.023940086364746
145,464,True,16330,3.2,49.965009927749634
148,473,True,445,3.2,1.2070002555847168
151,483,True,1632,3.2,5.36786413192749
147,470,True,1060,3.2,3.6498918533325195
143,457,True,7324,3.2,12.891603469848633
146,467,True,136,3.2,0.378387451171875
149,476,True,21201,3.2,53.97499132156372
152,486,True,340,3.2,1.039553165435791
155,496,True,988,3.2,2.683058023452759
158,505,True,1519,3.2,5.621364593505859
133,452,True,8692,3.4,27.932509660720825
136,462,True,160,3.4,0.4229562282562256
139,472,True,2042,3.4,6.6223931312561035
142,482,True,2467,3.4,11.100641250610352
145,493,True,3362,3.4,10.482677698135376
141,479,True,13393,3.4,49.26685190200806
130,442,True,651,3.4,1.2557623386383057
133,452,True,10017,3.4,31.051302671432495
136,462,True,554,3.4,1.4645915031433105
132,448,True,186,3.4,1.7793169021606445
80,240,True,75,3.0,0.03509950637817383
83,249,True,412,3.0,0.156571626663208
86,258,True,129,3.0,0.06277871131896973
89,267,True,2869,3.0,1.3816299438476562
92,276,True,81,3.0,0.03366231918334961
95,285,True,1894,3.0,1.0005865097045898
98,294,True,150,3.0,0.08773255348205566
101,303,True,285,3.0,0.2159256935119629
104,312,True,201,3.0,0.14307022094726562
107,321,True,99,3.0,0.07838559150695801
110,330,True,8844,3.0,4.897012948989868
113,339,True,106,3.0,0.051535606384277344
116,348,True,8049,3.0,2.813758373260498
119,357,True,163,3.0,0.11469626426696777
122,366,True,552,3.0,0.20831823348999023
125,375,True,1384,3.0,0.8970141410827637
128,384,True,124,3.0,0.10587406158447266
131,393,True,831,3.0,1.008122444152832
134,402,True,34547,3.0,18.171027183532715
137,411,True,127,3.0,0.11170792579650879
140,448,True,2433,3.2,1.7705507278442383
143,457,True,632,3.2,0.34482407569885254
146,467,True,404,3.2,0.3544576168060303
149,476,True,169,3.2,0.15832996368408203
152,486,True,2652,3.2,2.1762609481811523
155,496,True,46908,3.2,40.44450521469116
158,505,True,149,3.2,0.11168932914733887
161,515,True,66720,3.2,57.289369106292725
157,502,True,4083,3.2,4.033064365386963
160,512,True,39633,3.2,33.333778858184814
163,521,True,242,3.2,0.18932867050170898
166,531,True,11389,3.2,10.324107646942139
169,540,True,6380,3.2,4.494339466094971
165,528,True,1566,3.2,1.3442208766937256
168,537,True,249,3.2,0.25554871559143066
171,547,True,222,3.2,0.22083139419555664
174,556,True,4722,3.2,5.385040760040283
177,566,True,5081,3.2,4.932538032531738
173,553,True,187,3.2,0.2629823684692383
162,518,True,41771,3.2,43.94550180435181
165,561,True,7083,3.4,8.953285694122314
168,571,True,1578,3.4,1.5718879699707031
164,557,True,152,3.4,0.16539549827575684
167,567,True,3515,3.4,3.7892353534698486
163,554,True,415,3.4,0.4318277835845947
166,564,True,5986,3.4,7.434744119644165
162,550,True,12248,3.4,17.474650859832764
151,513,True,4623,3.4,7.3625569343566895
154,523,True,1628,3.4,2.7218945026397705
157,533,True,17098,3.4,24.239059925079346
139,472,True,689,3.4,0.8037989139556885
142,482,True,36571,3.4,45.09703016281128
145,493,True,8138,3.4,12.098388671875
141,479,True,3591,3.4,4.407435178756714
144,489,True,15021,3.4,26.793023347854614
140,476,True,21138,3.4,34.985926389694214
143,486,True,3750,3.4,5.255082368850708
139,472,True,10677,3.4,17.123326063156128
142,482,True,17541,3.4,21.304335832595825
145,493,True,37785,3.4,56.50744915008545
99,356,True,225,3.6,0.2405855655670166
102,367,True,259,3.6,0.27917957305908203
105,378,True,2430,3.6,2.548341989517212
108,388,True,1128,3.6,0.9682176113128662
104,374,True,6089,3.6,5.7410500049591064
107,385,True,13187,3.6,18.82349944114685
110,396,True,27275,3.6,39.50157928466797
113,406,True,19902,3.6,20.152841091156006
116,417,True,1159,3.6,1.422865867614746
119,428,True,3123,3.6,3.3581745624542236
122,439,True,36724,3.6,47.267735958099365
125,450,True,3821,3.6,5.962611436843872
128,460,True,148,3.6,0.25816822052001953
131,471,True,27657,3.6,45.43685221672058
134,482,True,1885,3.6,3.0960073471069336
123,442,True,5554,3.6,7.54827618598938
126,453,True,1585,3.6,2.681027889251709
129,464,True,121,3.6,0.2205803394317627
125,450,True,32524,3.6,47.30289840698242
114,410,True,40298,3.6,52.714513063430786
117,444,True,38039,3.8,53.67305064201355
113,429,True,139,3.8,0.2931826114654541
116,440,True,12518,3.8,18.014533758163452
112,425,True,3997,3.8,5.934458494186401
94,357,True,2438,3.8,4.595257759094238
97,368,True,468,3.8,0.6666655540466309
100,380,True,17973,3.8,23.551151752471924
103,391,True,19879,3.8,23.783571481704712
92,349,True,16998,3.8,22.415269374847412
95,361,True,149,3.8,0.12041401863098145
98,372,True,27707,3.8,52.14861178398132
101,383,True,19764,3.8,23.859411478042603
97,368,True,9663,3.8,22.770519733428955
100,380,True,4709,3.8,7.413373231887817
89,338,True,7703,3.8,15.432634830474854
92,349,True,6830,3.8,7.234044551849365
95,361,True,109,3.8,0.15026283264160156
84,319,True,10339,3.8,20.919078588485718
80,304,True,476,3.8,0.4552946090698242
83,315,True,11816,3.8,11.70502233505249
86,344,True,6710,4.0,10.191251039505005
89,356,True,11805,4.0,16.168930292129517
92,368,True,1823,4.0,1.7421202659606934
95,380,True,7915,4.0,11.24887490272522
98,392,True,5155,4.0,4.737725019454956
94,376,True,38071,4.0,45.48170590400696
97,388,True,3357,4.0,3.24881911277771
100,400,True,32069,4.0,44.96294450759888
89,356,True,16072,4.0,24.62248158454895
92,368,True,17822,4.0,27.706103801727295
95,380,True,7233,4.0,13.155761241912842
98,392,True,494,4.0,0.8712265491485596
101,404,True,12125,4.0,24.7288236618042
97,388,True,22249,4.0,50.465954303741455
100,400,True,97,4.0,0.08960175514221191
103,412,True,20283,4.0,37.10741877555847
106,424,True,25520,4.0,44.096380949020386
109,436,True,6985,4.0,9.022492408752441
98,392,True,21860,4.0,32.989694595336914
101,404,True,8245,4.0,9.648898363113403
97,407,True,24675,4.2,38.42727851867676
93,390,True,2050,4.2,2.6521239280700684
89,373,True,34545,4.2,45.96442008018494
85,357,True,6660,4.2,8.472178936004639
81,340,True,28666,4.2,33.93543362617493
84,352,False,28449,4.2,36.50364947319031
87,365,True,8746,4.2,10.814837455749512
83,348,True,34260,4.2,43.67590594291687
79,331,False,36215,4.2,45.8873176574707
75,315,False,48620,4.2,46.14678597450256
78,327,False,30327,4.2,38.027896881103516
81,340,True,9201,4.2,10.274710416793823
84,352,True,35813,4.2,44.15990662574768
87,365,True,25466,4.2,31.865002393722534
90,378,True,15067,4.2,20.249435663223267
79,331,False,43406,4.2,48.352012157440186
82,344,False,40753,4.2,53.53477454185486
78,327,True,14155,4.2,22.933226346969604
81,340,False,40135,4.2,49.6689019203186
84,352,True,18932,4.2,23.177258491516113
80,352,False,21015,4.4,27.948364973068237
83,365,True,36901,4.4,48.14442467689514
86,378,True,24317,4.4,34.93302583694458
89,391,True,9037,4.4,12.774203777313232
85,374,True,685,4.4,0.7987055778503418
88,387,True,21761,4.4,31.69979476928711
77,338,True,13078,4.4,30.21907687187195
73,321,True,9337,4.4,13.16840934753418
76,334,False,10481,4.4,15.174562454223633
72,316,False,5940,4.4,15.177708387374878
68,299,True,11518,4.4,14.995607376098633
71,312,False,13232,4.4,22.82792830467224
74,325,False,13874,4.4,26.48908805847168
77,338,True,8341,4.4,13.038431644439697
73,321,False,15523,4.4,35.71489715576172
76,334,False,23112,4.4,41.30567407608032
72,316,False,9493,4.4,11.706185579299927
75,330,False,37661,4.4,47.442002058029175
78,343,False,31784,4.4,47.75316071510315
81,356,False,26259,4.4,43.79426288604736
77,354,True,341,4.6,0.4638831615447998
80,368,False,23124,4.6,42.49092245101929
76,349,True,12924,4.6,37.72398614883423
79,363,False,18587,4.6,35.31127953529358
82,377,False,20895,4.6,41.71013426780701
78,358,False,8140,4.6,24.523953676223755
81,372,False,13308,4.6,28.547463178634644
84,386,False,25363,4.6,48.44954037666321
87,400,False,26786,4.6,49.4581093788147
83,381,False,23637,4.6,54.386436462402344
79,363,True,15312,4.6,59.55029320716858
75,345,False,9668,4.6,21.536041498184204
78,358,False,23214,4.6,40.14328670501709
81,372,True,8758,4.6,15.64158844947815
84,386,False,10431,4.6,23.998265504837036
87,400,False,12877,4.6,22.263349771499634
83,381,True,17782,4.6,29.414453983306885
79,363,False,17642,4.6,28.572531938552856
82,377,False,13146,4.6,23.192374229431152
78,358,True,6118,4.6,10.716591358184814
81,388,False,21187,4.8,43.32420825958252
84,403,False,14337,4.8,31.447627305984497
80,384,True,438,4.8,0.5779237747192383
83,398,False,24400,4.8,44.13223958015442
79,379,False,8770,4.8,20.0163152217865
82,393,False,3351,4.8,21.821268558502197
78,374,False,15013,4.8,32.160345792770386
81,388,False,30233,4.8,38.45555353164673
84,403,False,15517,4.8,20.24505066871643
73,350,False,12920,4.8,28.857718467712402
76,364,False,11756,4.8,28.387280225753784
72,345,False,7748,4.8,23.99993109703064
75,360,False,14586,4.8,38.62938690185547
78,374,False,19996,4.8,43.539849281311035
74,355,False,5122,4.8,14.401747465133667
77,369,False,9940,4.8,29.794225692749023
80,384,False,12413,4.8,44.97762846946716
76,364,False,11902,4.8,42.19224429130554
72,345,False,10026,4.8,32.490169525146484
75,360,False,1709,4.8,3.2328994274139404
78,390,False,15833,5.0,48.135294914245605
81,405,False,6452,5.0,23.874656915664673
77,385,False,15169,5.0,39.803001165390015
80,400,False,14348,5.0,34.19333815574646
76,380,False,5282,5.0,14.449979543685913
79,395,False,20428,5.0,53.86368012428284
82,410,False,8632,5.0,25.864644050598145
85,425,False,12283,5.0,34.62496757507324
81,405,False,14075,5.0,33.936835050582886
84,420,False,18519,5.0,44.70482540130615
80,400,False,9148,5.0,36.96829104423523
83,415,False,16029,5.0,46.49975299835205
86,430,False,20785,5.0,55.743884563446045
82,410,False,15653,5.0,41.90847325325012
85,425,False,20779,5.0,59.332862854003906
74,370,False,4205,5.0,9.89720368385315
77,385,False,10527,5.0,26.583439111709595
80,400,False,7847,5.0,20.370391368865967
76,380,False,7251,5.0,24.484859943389893
79,395,False,12688,5.0,30.36013174057007
82,426,False,13728,5.2,32.11253881454468
85,442,False,11775,5.2,31.56380844116211
81,421,False,10664,5.2,23.449018955230713
84,436,False,6232,5.2,14.88160753250122
80,416,False,12024,5.2,28.488211154937744
83,431,False,21306,5.2,49.07968544960022
79,410,False,11282,5.2,27.062045097351074
82,426,False,15062,5.2,35.91054081916809
78,405,False,10363,5.2,22.487628698349
81,421,False,13576,5.2,32.24400067329407
84,436,False,13281,5.2,32.51600790023804
87,452,False,16151,5.2,40.6576042175293
90,468,False,10490,5.2,29.619631052017212
86,447,False,18618,5.2,46.970165967941284
82,426,False,9660,5.2,22.76110315322876
85,442,False,8566,5.2,22.66940140724182
88,457,False,16160,5.2,43.15657329559326
84,436,False,17272,5.2,43.63022971153259
87,452,False,12783,5.2,35.85194277763367
90,468,False,18627,5.2,51.28972291946411
79,426,False,13299,5.4,31.307358741760254
82,442,False,7925,5.4,19.761240482330322
85,459,False,5121,5.4,14.848888635635376
88,475,False,8653,5.4,24.77465510368347
91,491,False,14610,5.4,42.933138370513916
87,469,False,8989,5.4,24.999674558639526
83,448,False,8246,5.4,23.059335708618164
86,464,False,16458,5.4,46.25480055809021
82,442,False,3653,5.4,9.371437072753906
85,459,False,9077,5.4,25.4824059009552
88,475,False,10175,5.4,29.612852096557617
84,453,False,17157,5.4,45.68435525894165
87,469,False,7521,5.4,22.324531316757202
90,486,False,11701,5.4,34.589407205581665
93,502,False,11542,5.4,36.20528197288513
89,480,False,11852,5.4,35.12960982322693
92,496,False,13854,5.4,42.431825399398804
95,513,False,14559,5.4,45.27714395523071
84,453,False,12464,5.4,32.03500509262085
87,469,False,10933,5.4,30.589391708374023
90,503,False,9162,5.6,29.22023344039917
93,520,False,15105,5.6,47.91126489639282
96,537,False,13874,5.6,45.5475013256073
92,515,False,5417,5.6,17.248799085617065
95,532,False,8271,5.6,27.933438062667847
91,509,False,8789,5.6,28.80288815498352
87,487,False,9103,5.6,25.952102661132812
83,464,False,18933,5.6,54.137781620025635
86,481,False,2335,5.6,6.320226192474365
89,498,False,11429,5.6,33.27417063713074
92,515,False,15932,5.6,46.62822365760803
95,532,False,8421,5.6,24.02910542488098
98,548,False,12191,5.6,37.966676473617554
94,526,False,19957,5.6,57.320902585983276
90,503,False,17067,5.6,47.63658618927002
93,520,False,11278,5.6,31.27752685546875
96,537,False,18902,5.6,55.968074560165405
99,554,False,3929,5.6,11.43586254119873
95,532,False,20159,5.6,58.181113481521606
98,548,False,12472,5.6,38.68685531616211
94,545,False,9049,5.800000000000001,33.0243034362793
90,522,False,6462,5.800000000000001,25.310255765914917
93,539,False,14810,5.800000000000001,52.825931787490845
96,556,False,11877,5.800000000000001,45.55427026748657
92,533,False,9403,5.800000000000001,35.840123414993286
95,551,False,10042,5.800000000000001,37.1576783657074
98,568,False,11457,5.800000000000001,45.31101655960083
101,585,False,2435,5.800000000000001,9.395963907241821
97,562,False,11322,5.800000000000001,46.88315439224243
100,580,False,12675,5.800000000000001,52.41477155685425
89,516,False,10863,5.800000000000001,39.55315327644348
85,493,False,11912,5.800000000000001,36.96118927001953
88,510,False,7863,5.800000000000001,29.963154315948486
91,527,False,15153,5.800000000000001,55.44138956069946
94,545,False,15355,5.800000000000001,58.218523263931274
90,522,False,15303,5.800000000000001,56.1776020526886
93,539,False,4944,5.800000000000001,19.670197010040283
89,516,False,7294,5.800000000000001,27.486980438232422
92,533,False,11539,5.800000000000001,42.75862121582031
95,551,False,10505,5.800000000000001,40.23194646835327
91,546,False,11271,6.0,44.8159236907959
94,564,False,9184,6.0,35.88899254798889
97,582,False,7622,6.0,33.58500289916992
100,600,False,6735,6.0,29.22353196144104
89,534,False,12399,6.0,47.82795524597168
85,510,False,8590,6.0,31.308642625808716
88,528,False,5786,6.0,23.303516149520874
91,546,False,7668,6.0,29.426392316818237
94,564,False,10147,6.0,42.49457836151123
97,582,False,8952,6.0,36.422661781311035
86,516,False,3577,6.0,12.934372425079346
89,534,False,8793,6.0,34.710798025131226
92,552,False,11097,6.0,40.95403575897217
88,528,False,3544,6.0,14.879123449325562
91,546,False,13558,6.0,51.14836621284485
94,564,False,10870,6.0,48.374175786972046
90,540,False,8514,6.0,38.69177746772766
86,516,False,7777,6.0,29.21761465072632
89,534,False,9000,6.0,34.36497187614441
92,552,False,11197,6.0,49.67534613609314
80,240,True,6736,3.0,10.974741220474243
83,249,True,104,3.0,0.2469010353088379
86,258,True,247,3.0,0.7510178089141846
89,267,True,135,3.0,0.37149930000305176
92,276,True,13561,3.0,16.321735382080078
95,285,True,152,3.0,0.13574719429016113
98,294,True,108,3.0,0.20498323440551758
101,303,True,897,3.0,1.2930707931518555
104,312,True,1207,3.0,1.175877571105957
107,321,True,196,3.0,0.2801516056060791
110,330,True,4359,3.0,5.889993190765381
113,339,True,519,3.0,0.6424908638000488
116,348,True,971,3.0,1.2227983474731445
119,357,True,112,3.0,0.25600457191467285
122,366,True,198,3.0,0.34920692443847656
125,375,True,111,3.0,0.1909472942352295
128,384,True,3755,3.0,4.771368026733398
131,393,True,125,3.0,0.2151932716369629
134,402,True,151,3.0,0.2897970676422119
137,411,True,9354,3.0,16.162180185317993
140,420,True,127,3.0,0.4144010543823242
143,429,True,2059,3.0,4.969750642776489
146,438,True,135,3.0,0.5158028602600098
149,447,True,179,3.0,0.7246239185333252
152,456,True,208,3.0,0.8968234062194824
155,465,True,161,3.0,0.5950384140014648
158,474,True,150,3.0,0.5921499729156494
161,483,True,2265,3.0,6.607295989990234
164,492,True,30642,3.0,53.69548487663269
167,501,True,1055,3.0,3.4573535919189453
170,510,True,11915,3.0,35.272316217422485
173,519,True,8068,3.0,26.493300199508667
176,528,True,166,3.0,0.7101843357086182
179,537,True,253,3.0,0.921445369720459
182,546,True,170,3.0,0.8014349937438965
185,555,True,344,3.0,1.612318515777588
188,564,True,483,3.0,4.036637306213379
191,573,True,181,3.0,1.7051794528961182
194,582,True,173,3.0,1.4373576641082764
197,591,True,250,3.0,1.6222898960113525
200,600,True,7171,3.0,18.55820369720459
203,609,True,242,3.0,1.3561375141143799
206,618,True,4997,3.0,12.148170948028564
209,627,True,193,3.0,1.1458046436309814
212,636,True,467,3.0,2.5841064453125
215,688,True,2704,3.2,22.186903476715088
218,697,True,205,3.2,1.5477895736694336
221,707,True,302,3.2,2.2013309001922607
224,716,True,3843,3.2,31.952502012252808
227,726,True,6500,3.2,39.18826484680176
230,736,True,217,3.2,3.0732929706573486
233,745,True,1015,3.2,7.571787357330322
229,732,True,1792,3.2,32.73633098602295
225,720,True,2179,3.2,46.8118782043457
221,707,True,2814,3.2,45.01384449005127
224,716,True,473,3.2,9.86323356628418
213,681,True,4532,3.2,19.979209899902344
216,691,True,344,3.2,1.5385417938232422
212,678,True,286,3.2,1.687096357345581
215,688,True,8789,3.2,47.393900632858276
204,652,True,20869,3.2,72.25864744186401
207,662,True,2390,3.2,13.6726815700531
210,672,True,1639,3.2,7.462595224380493
213,681,True,323,3.2,1.5921707153320312
216,691,True,327,3.2,2.5515670776367188
198,633,True,1336,3.2,5.427994012832642
194,620,True,2551,3.2,9.616069316864014
197,630,True,4925,3.2,19.62473702430725
200,640,True,2893,3.2,9.089876651763916
203,649,True,215,3.2,1.1433508396148682
199,636,True,409,3.2,2.1266798973083496
202,646,True,641,3.2,3.0429091453552246
205,656,True,942,3.2,3.867631196975708
187,598,True,2534,3.2,10.606163501739502
190,608,True,672,3.2,2.980177402496338
193,617,True,6601,3.2,20.878271341323853
196,627,True,198,3.2,1.0383861064910889
199,636,True,2320,3.2,7.244184732437134
188,601,True,194,3.2,0.8073444366455078
184,588,True,694,3.2,1.9308016300201416
180,576,True,171,3.2,0.8151929378509521
183,585,True,5779,3.2,16.48390293121338
186,595,True,205,3.2,0.9512984752655029
189,604,True,2976,3.2,12.58788275718689
185,592,True,20176,3.2,66.49943971633911
181,579,True,1442,3.2,4.9434192180633545
177,566,True,15042,3.2,54.682936906814575
180,576,True,1332,3.2,4.997760534286499
176,563,True,173,3.2,0.7785952091217041
179,572,True,191,3.2,0.9996170997619629
182,618,True,3706,3.4,16.348419189453125
157,533,True,8622,3.4,22.31635022163391
153,520,True,193,3.4,0.8324792385101318
156,530,True,5097,3.4,24.132869720458984
131,445,True,11665,3.4,41.35709023475647
134,455,True,3072,3.4,9.035792350769043
123,418,True,244,3.4,0.7231643199920654
126,428,True,7103,3.4,24.520627737045288
129,438,True,1890,3.4,5.5502612590789795
132,448,True,5830,3.4,21.815394639968872
128,435,True,845,3.4,1.4378094673156738
131,445,True,9233,3.4,31.74552869796753
113,384,True,13203,3.4,46.68956208229065
116,394,True,1354,3.4,4.628041505813599
119,404,True,1519,3.4,5.105165481567383
122,414,True,183,3.4,0.9167122840881348
125,425,True,11016,3.4,35.65361475944519
121,411,True,196,3.4,0.6204261779785156
124,421,True,4328,3.4,15.021743774414062
127,431,True,147,3.4,0.42613911628723145
130,442,True,172,3.4,0.6857016086578369
133,452,True,1381,3.4,3.9536516666412354
122,414,True,179,3.4,0.5491399765014648
125,425,True,209,3.4,0.47611093521118164
121,411,True,1693,3.4,4.383471965789795
124,421,True,4503,3.4,14.081514120101929
127,431,True,390,3.4,1.2270166873931885
130,442,True,10465,3.4,30.845250129699707
126,428,True,18512,3.4,56.659278869628906
129,438,True,8077,3.4,23.124037265777588
125,425,True,1257,3.4,4.422915697097778
128,435,True,1878,3.4,5.359719514846802
131,445,True,1638,3.4,5.394742012023926
134,455,True,3926,3.4,13.774189949035645
130,442,True,10147,3.4,27.950575590133667
133,452,True,177,3.4,0.7326326370239258
122,414,True,989,3.4,2.2659199237823486
118,401,True,9806,3.4,28.41202688217163
121,411,True,3831,3.4,13.83289623260498
124,421,True,939,3.4,3.1185295581817627
127,431,True,2069,3.4,6.399841785430908
130,442,True,2077,3.4,7.22347617149353
133,452,True,1304,3.4,3.3190484046936035
136,462,True,2651,3.4,8.934200763702393
139,472,True,148,3.4,0.4736478328704834
128,460,True,694,3.6,2.40695858001709
131,471,True,3589,3.6,9.33810830116272
120,432,True,391,3.6,1.3610517978668213
123,442,True,6253,3.6,19.81407928466797
126,453,True,14180,3.6,48.442771673202515
129,464,True,2004,3.6,8.209378242492676
132,475,True,18871,3.6,70.4733018875122
128,460,True,12442,3.6,51.664511919021606
131,471,True,411,3.6,1.2911944389343262
134,482,True,1040,3.6,2.714477300643921
137,493,True,18217,3.6,60.392279386520386
133,478,True,1644,3.6,6.628814458847046
129,464,True,573,3.6,1.725602626800537
118,424,True,132,3.6,0.38230252265930176
114,410,True,6917,3.6,21.489185094833374
103,370,True,925,3.6,1.6931607723236084
106,381,True,1738,3.6,4.504650354385376
109,392,True,112,3.6,0.31430864334106445
112,403,True,15331,3.6,45.55578899383545
115,414,True,136,3.6,0.4724538326263428
118,424,True,10188,3.6,33.10094928741455
114,410,True,4745,3.6,11.161613941192627
117,421,True,2251,3.6,7.9676361083984375
120,432,True,6608,3.6,24.17848014831543
116,417,True,7847,3.6,21.61525869369507
119,428,True,1111,3.6,4.321850061416626
115,414,True,1706,3.6,7.2869203090667725
118,424,True,11254,3.6,34.30151891708374
121,435,True,19492,3.6,64.74582386016846
124,446,True,149,3.6,0.5487141609191895
127,457,True,1622,3.6,5.0022783279418945
116,417,True,1906,3.6,5.886910676956177
112,403,True,24396,3.6,70.80496740341187
101,363,True,891,3.6,2.386808156967163
97,349,True,1265,3.6,2.424280881881714
100,360,True,503,3.6,1.2979154586791992
96,345,True,105,3.6,0.4085681438446045
99,356,True,406,3.6,0.8679757118225098
102,367,True,1466,3.6,4.16878342628479
98,352,True,4751,3.6,12.20938229560852
101,363,True,126,3.6,0.3223452568054199
104,374,True,1611,3.6,4.907304763793945
107,385,True,14924,3.6,43.752480268478394
110,396,True,7241,3.6,22.24393391609192
113,406,True,14415,3.6,50.84815049171448
116,440,True,18504,3.8,65.82609224319458
105,399,True,145,3.8,0.3401165008544922
87,330,True,2319,3.8,6.531723260879517
90,342,True,1264,3.8,4.902533054351807
93,353,True,7172,3.8,21.017195224761963
96,364,True,162,3.8,0.4810054302215576
92,349,True,1370,3.8,2.780939817428589
95,361,True,19941,3.8,59.56233477592468
91,345,True,1835,3.8,5.889069080352783
87,330,True,1311,3.8,3.1383883953094482
90,342,True,458,3.8,1.307922124862671
86,326,True,2798,3.8,7.856564044952393
89,338,True,2552,3.8,6.7436134815216064
92,349,True,975,3.8,2.8330581188201904
95,361,True,823,3.8,3.4536337852478027
98,372,True,10380,3.8,34.08232927322388
94,357,True,752,3.8,1.3535146713256836
97,368,True,8896,3.8,25.03357744216919
93,353,True,7176,3.8,16.753017902374268
89,338,True,4662,3.8,12.519177198410034
92,349,True,6505,3.8,17.238201141357422
95,361,True,14042,3.8,42.2533323764801
98,372,True,8764,3.8,22.530439853668213
101,383,True,7610,3.8,27.112302541732788
104,395,True,1304,3.8,3.686882257461548
79,300,True,7853,3.8,19.543633699417114
82,311,True,19901,3.8,56.70448970794678
78,296,True,1219,3.8,2.598949909210205
67,254,True,2390,3.8,3.898021697998047
70,266,True,263,3.8,0.42606091499328613
73,277,True,67,3.8,0.13984894752502441
76,288,True,4428,3.8,10.164032936096191
79,300,True,1225,3.8,2.362616539001465
82,311,True,129,3.8,0.3194873332977295
85,323,True,6699,3.8,18.849849700927734
88,334,True,9674,3.8,26.393104314804077
91,345,True,1539,3.8,4.64116096496582
94,357,True,20982,3.8,55.004865407943726
97,368,True,6204,3.8,12.75740647315979
93,353,True,9642,3.8,33.7912220954895
96,364,True,1528,3.8,2.2862372398376465
92,349,True,26232,3.8,68.90639567375183
95,361,True,106,3.8,0.36447834968566895
98,372,True,420,3.8,1.379446268081665
101,383,True,22189,3.8,67.25680303573608
97,388,True,7877,4.0,27.44881272315979
72,288,True,446,4.0,0.9454984664916992
75,300,True,1315,4.0,2.8481414318084717
78,312,True,20851,4.0,54.87359404563904
81,324,False,24041,4.0,70.28595161437988
77,308,True,14300,4.0,39.52669358253479
73,292,True,172,4.0,0.3670501708984375
76,304,True,19740,4.0,53.96571373939514
79,316,True,18333,4.0,51.26718187332153
68,272,True,10187,4.0,23.74138331413269
71,284,True,70,4.0,0.13746428489685059
74,296,True,12887,4.0,31.404677391052246
70,280,True,66,4.0,0.14819121360778809
66,264,True,312,4.0,0.6823024749755859
69,276,True,1509,4.0,3.2503128051757812
65,260,True,5462,4.0,10.429049253463745
68,272,True,15947,4.0,38.83522987365723
71,284,True,6096,4.0,16.45718216896057
74,296,True,1558,4.0,3.7049331665039062
77,308,True,6821,4.0,19.185793161392212
80,320,True,3763,4.0,9.70067024230957
83,332,True,3339,4.0,9.129755020141602
72,288,True,18417,4.0,47.34191060066223
75,300,True,25714,4.0,68.15494346618652
71,284,True,1752,4.0,4.058568954467773
74,296,True,1335,4.0,2.777165174484253
77,308,True,1638,4.0,3.365852117538452
80,320,False,3266,4.0,9.498224020004272
83,332,True,7932,4.0,18.144392490386963
86,344,True,4734,4.0,16.58744239807129
82,328,True,452,4.0,0.8148643970489502
71,284,True,5016,4.0,14.016798257827759
74,296,True,12422,4.0,28.014845371246338
77,308,True,3004,4.0,8.003782272338867
73,292,True,7278,4.0,17.973731517791748
76,304,True,8852,4.0,25.06808376312256
79,316,True,24080,4.0,52.87827205657959
82,328,True,705,4.0,2.038754940032959
85,340,True,14215,4.0,41.54863357543945
81,324,True,2445,4.0,5.872667551040649
84,336,True,302,4.0,0.9092755317687988
87,348,True,5812,4.0,20.53105926513672
83,332,True,522,4.0,1.2451438903808594
79,316,True,8945,4.0,25.40041995048523
75,300,True,1439,4.0,3.8382396697998047
78,327,True,9280,4.2,30.11401629447937
81,340,True,21005,4.2,63.43964195251465
84,352,True,9264,4.2,28.78145408630371
80,336,True,4772,4.2,13.65705418586731
83,348,True,1665,4.2,5.819178581237793
79,331,True,11792,4.2,32.37905263900757
75,315,True,3395,4.2,11.158047676086426
78,327,True,862,4.2,1.8404581546783447
81,340,True,25208,4.2,71.8290593624115
84,352,True,11816,4.2,36.346641540527344
66,277,True,26376,4.2,61.301546812057495
69,289,False,15439,4.2,38.71542263031006
72,302,True,4088,4.2,12.195786714553833
75,315,False,8534,4.2,26.228408098220825
78,327,True,6437,4.2,19.86357045173645
81,340,True,1279,4.2,3.3160641193389893
70,294,False,19121,4.2,52.18896007537842
73,306,True,6442,4.2,19.543689489364624
76,319,True,16364,4.2,47.11236381530762
72,302,True,4953,4.2,12.879895687103271
75,315,True,12424,4.2,33.41095042228699
78,327,True,2161,4.2,5.910871267318726
74,310,False,24054,4.2,69.49543452262878
77,323,False,13842,4.2,44.559643507003784
73,306,True,14149,4.2,39.00265884399414
76,319,True,1187,4.2,3.0842320919036865
72,302,False,17999,4.2,47.04794239997864
68,285,False,15645,4.2,35.93919515609741
71,298,False,9855,4.2,27.68070125579834
74,310,False,23892,4.2,65.39381694793701
77,323,False,21551,4.2,62.188748359680176
73,306,False,22298,4.2,63.54162621498108
76,319,True,9659,4.2,22.53380513191223
79,331,True,6983,4.2,20.310420274734497
82,344,True,722,4.2,1.9967215061187744
78,327,True,2341,4.2,6.479552268981934
74,310,False,19368,4.2,58.39926290512085
77,323,True,5192,4.2,15.6670823097229
73,306,False,26972,4.2,69.061518907547
76,319,False,8027,4.2,25.65281891822815
72,302,True,10048,4.2,26.10381555557251
68,285,True,1365,4.2,3.1776468753814697
71,298,True,2126,4.2,5.823941230773926
74,310,False,21901,4.2,59.328948974609375
77,323,True,9992,4.2,25.042237997055054
80,352,True,12443,4.4,38.8244514465332
83,365,True,4529,4.4,13.766349792480469
86,378,True,15751,4.4,54.78914189338684
68,299,False,15542,4.4,44.730490922927856
71,312,False,24072,4.4,71.34465742111206
74,325,True,1835,4.4,5.228935480117798
70,308,False,7773,4.4,24.99358606338501
66,290,False,4640,4.4,11.636483192443848
69,303,True,3643,4.4,8.795485258102417
72,316,False,20420,4.4,54.051257848739624
75,330,False,12600,4.4,40.95262002944946
78,343,False,18152,4.4,51.67205023765564
74,325,False,9157,4.4,31.44065499305725
77,338,True,5927,4.4,20.46472716331482
80,352,False,18541,4.4,70.32471752166748
69,303,False,5879,4.4,19.598440170288086
72,316,True,6227,4.4,18.016705751419067
75,330,False,19386,4.4,62.00601243972778
71,312,False,21901,4.4,66.21360397338867
67,294,False,11065,4.4,30.959527254104614
70,308,False,7127,4.4,24.127012491226196
73,321,True,6979,4.4,18.682161331176758
69,303,False,17625,4.4,51.910828828811646
72,316,False,7580,4.4,22.650328636169434
68,299,False,4910,4.4,14.134711980819702
71,312,False,27208,4.4,64.85624146461487
74,325,True,7575,4.4,20.004148721694946
70,308,True,3395,4.4,8.620759725570679
73,321,False,8579,4.4,28.36906909942627
76,334,True,2627,4.4,8.475903034210205
72,316,True,5453,4.4,18.642025232315063
75,330,True,1499,4.4,4.206960916519165
78,343,True,22843,4.4,67.98905992507935
81,356,True,3538,4.4,14.623471021652222
84,369,True,10326,4.4,32.25995993614197
73,321,False,19352,4.4,57.783130407333374
76,334,True,11386,4.4,29.933114051818848
79,347,False,21802,4.4,66.05239200592041
75,330,False,19045,4.4,63.74806213378906
78,343,True,7528,4.4,24.002739191055298
74,325,False,8704,4.4,27.943790912628174
70,308,True,3010,4.4,7.2862138748168945
66,290,False,11113,4.4,31.9062237739563
69,303,False,12912,4.4,35.55543756484985
72,316,True,14266,4.4,40.921629190444946
75,345,False,7205,4.6,26.139296054840088
78,358,False,12025,4.6,44.45814299583435
74,340,False,9434,4.6,29.059117794036865
77,354,False,17532,4.6,59.15556073188782
80,368,False,9089,4.6,37.3669650554657
69,317,False,6608,4.6,23.767905235290527
72,331,True,15095,4.6,49.102839946746826
75,345,False,11988,4.6,44.13836669921875
78,358,True,3140,4.6,9.270424127578735
74,340,False,17061,4.6,63.93337035179138
70,322,False,7395,4.6,25.18790578842163
73,335,False,9922,4.6,35.091718435287476
76,349,False,11433,4.6,42.344340562820435
72,331,False,10450,4.6,29.46079993247986
75,345,False,7501,4.6,27.673668146133423
78,358,True,8154,4.6,28.823213815689087
74,340,False,10949,4.6,39.924320459365845
77,354,False,21448,4.6,70.51390409469604
80,368,False,14128,4.6,56.506314754486084
76,349,False,21848,4.6,72.00325632095337
79,363,False,16069,4.6,62.280537843704224
75,345,True,1394,4.6,4.648291826248169
78,358,False,5755,4.6,21.837191581726074
74,340,False,19405,4.6,66.69810438156128
77,354,False,9576,4.6,38.642693281173706
73,335,True,13774,4.6,41.972254276275635
69,317,False,4409,4.6,14.746360063552856
72,331,True,11236,4.6,34.504897117614746
75,345,False,4042,4.6,15.311622381210327
78,358,False,13461,4.6,52.474958181381226
74,340,False,12067,4.6,42.78381681442261
77,354,False,11628,4.6,44.80790591239929
66,303,False,10415,4.6,29.038588047027588
69,317,False,7471,4.6,24.426770448684692
65,299,False,7230,4.6,20.926305055618286
68,312,False,9567,4.6,30.65544033050537
71,326,False,8706,4.6,30.100146770477295
74,340,False,9320,4.6,29.870490312576294
77,354,False,20583,4.6,72.70506596565247
80,368,True,6921,4.6,22.455158233642578
83,381,True,10447,4.6,39.027217626571655
79,363,False,9786,4.6,37.319499254226685
75,345,False,14944,4.6,52.02898812294006
64,294,False,14055,4.6,38.378108978271484
67,308,False,8362,4.6,25.46004009246826
70,336,True,8038,4.8,22.622531175613403
73,350,False,9456,4.8,31.663875818252563
76,364,False,18168,4.8,72.09134435653687
79,379,False,5839,4.8,25.000144720077515
82,393,False,15032,4.8,66.06412696838379
78,374,False,5416,4.8,23.38088846206665
74,355,False,8499,4.8,31.501221179962158
77,369,False,15857,4.8,58.38149571418762
80,384,False,18839,4.8,73.40374088287354
69,331,False,3978,4.8,15.121322631835938
72,345,False,13432,4.8,47.50180149078369
75,360,False,13666,4.8,53.396177768707275
71,340,False,9703,4.8,34.016318559646606
74,355,False,8812,4.8,32.15611815452576
77,369,False,12129,4.8,45.90833282470703
73,350,False,4148,4.8,46.00292158126831
69,331,False,6006,4.8,24.199015617370605
72,345,True,3382,4.8,13.64758014678955
75,360,False,8725,4.8,36.74893045425415
71,340,False,5774,4.8,20.630000114440918
74,355,False,10376,4.8,35.51134514808655
77,369,False,4945,4.8,19.33864688873291
73,350,False,6411,4.8,24.046923398971558
76,364,False,5893,4.8,21.75995683670044
79,379,False,12873,4.8,51.67841053009033
75,360,False,8196,4.8,34.70640778541565
71,340,False,8623,4.8,29.78016710281372
74,355,False,13966,4.8,48.92626881599426
77,369,False,19786,4.8,69.00522422790527
80,384,False,15000,4.8,62.82154583930969
83,398,False,15372,4.8,68.69433736801147
86,412,True,7605,4.8,32.75297236442566
75,360,False,13450,4.8,46.3338360786438
78,374,False,10024,4.8,36.94384813308716
74,355,False,7824,4.8,31.04800534248352
77,369,False,17908,4.8,66.01196432113647
80,384,False,9501,4.8,42.903913736343384
83,398,True,9920,4.8,42.539183139801025
79,379,False,16081,4.8,65.81323671340942
82,393,False,7774,4.8,35.744964838027954
85,408,False,16120,4.8,72.18731737136841
81,388,False,10745,4.8,48.480406045913696
70,336,False,2862,4.8,10.99088168144226
73,350,False,10632,4.8,41.474552392959595
76,364,False,6732,4.8,28.234148263931274
79,395,False,14940,5.0,69.89665007591248
75,375,False,5806,5.0,26.09018325805664
78,390,False,11422,5.0,48.0419807434082
81,405,False,5962,5.0,26.76551127433777
77,385,False,6741,5.0,29.80679154396057
80,400,False,10256,5.0,44.89391756057739
76,380,False,4126,5.0,18.50979518890381
79,395,False,7926,5.0,34.013033866882324
75,375,False,9337,5.0,37.728447914123535
78,390,False,15098,5.0,55.99188733100891
74,370,False,10082,5.0,39.79503512382507
77,385,False,11250,5.0,45.0746123790741
80,400,False,6989,5.0,34.48209738731384
83,415,False,11143,5.0,49.0544056892395
79,395,False,12676,5.0,54.075361251831055
75,375,False,8149,5.0,33.478660106658936
71,355,False,6752,5.0,26.734095335006714
74,370,False,6091,5.0,25.597731828689575
77,385,False,9390,5.0,39.08543133735657
80,400,False,5247,5.0,25.25728440284729
83,415,False,12099,5.0,56.727014780044556
79,395,False,5574,5.0,25.73354196548462
75,375,False,8533,5.0,35.52510213851929
78,390,False,10542,5.0,44.128103256225586
81,405,False,13929,5.0,61.405048847198486
84,420,False,10017,5.0,46.95766997337341
73,365,False,3992,5.0,17.82923722267151
76,380,False,6830,5.0,31.911120653152466
79,395,False,10407,5.0,50.16135764122009
82,410,False,14854,5.0,73.58098101615906
78,390,False,7335,5.0,34.81510615348816
74,370,False,10288,5.0,42.47615623474121
77,385,False,14295,5.0,60.74846291542053
80,400,False,10919,5.0,49.95618748664856
69,345,False,3300,5.0,12.54342770576477
72,360,False,11321,5.0,45.94196605682373
75,375,False,8858,5.0,38.645044565200806
78,390,False,2797,5.0,13.768256187438965
81,405,False,8936,5.0,44.2587308883667
77,385,False,9462,5.0,40.30905890464783
80,400,False,6539,5.0,29.71252989768982
83,415,False,13029,5.0,60.53839826583862
86,430,False,14684,5.0,73.17422819137573
75,375,False,5305,5.0,23.954954862594604
78,390,False,9386,5.0,45.14111328125
81,421,False,7454,5.2,37.23235607147217
84,436,False,3833,5.2,21.536102294921875
87,452,False,13563,5.2,73.98446702957153
83,431,False,8597,5.2,42.01955318450928
86,447,False,12680,5.2,65.85972356796265
82,426,False,12922,5.2,69.02536392211914
85,442,False,13461,5.2,68.08030700683594
81,421,False,6231,5.2,31.53669762611389
84,436,False,8974,5.2,49.8892936706543
80,416,False,6806,5.2,36.69273090362549
83,431,False,13143,5.2,70.13525605201721
79,410,False,7151,5.2,35.33997678756714
82,426,False,5107,5.2,25.83220934867859
85,442,False,9025,5.2,49.100287675857544
81,421,False,5562,5.2,28.56006383895874
77,400,False,7436,5.2,37.24069356918335
80,416,False,5353,5.2,27.67293691635132
76,395,False,14142,5.2,64.8835084438324
79,410,False,7771,5.2,38.885233879089355
82,426,False,10748,5.2,55.17921543121338
85,442,False,6160,5.2,33.075544118881226
81,421,False,13027,5.2,66.1750180721283
84,436,False,15693,5.2,71.2527379989624
80,416,False,9904,5.2,47.73793578147888
83,431,False,8842,5.2,43.29764533042908
79,410,False,7799,5.2,36.17950773239136
82,426,False,9304,5.2,42.12707591056824
78,405,False,7783,5.2,35.95098519325256
81,421,False,16145,5.2,74.09446096420288
77,400,False,11634,5.2,51.80370354652405
80,416,False,14679,5.2,64.51960611343384
76,395,False,4933,5.2,25.729288578033447
72,374,False,6223,5.2,24.51612091064453
75,390,False,7305,5.2,32.141172647476196
78,405,False,9623,5.2,43.639235973358154
81,421,False,3673,5.2,17.96845841407776
84,436,False,14504,5.2,68.49041724205017
80,416,False,10392,5.2,51.57026171684265
76,395,False,8200,5.2,37.851114988327026
79,410,False,4983,5.2,24.318397283554077
82,426,False,7884,5.2,37.97983932495117
85,442,False,10253,5.2,51.91204786300659
